panel,candidate_id,global_candidate_index,batch_index,batch_seed,batch_position,batch_size,target_age,design_age,gender,emotion_count,source_campaign_id,source_manifest
development,b00p00,0,0,1502000,0,10,35,50,female,6,study1_35f100_v1,study1_35f100_v1_manifest.json
development,b00p01,1,0,1502000,1,10,35,50,female,6,study1_35f100_v1,study1_35f100_v1_manifest.json
development,b00p02,2,0,1502000,2,10,35,50,female,6,study1_35f100_v1,study1_35f100_v1_manifest.json
development,b00p03,3,0,1502000,3,10,35,50,female,6,study1_35f100_v1,study1_35f100_v1_manifest.json
development,b00p04,4,0,1502000,4,10,35,50,female,6,study1_35f100_v1,study1_35f100_v1_manifest.json
development,b00p05,5,0,1502000,5,10,35,50,female,6,study1_35f100_v1,study1_35f100_v1_manifest.json
development,b00p06,6,0,1502000,6,10,35,50,female,6,study1_35f100_v1,study1_35f100_v1_manifest.json
development,b00p07,7,0,1502000,7,10,35,50,female,6,study1_35f100_v1,study1_35f100_v1_manifest.json
development,b00p08,8,0,1502000,8,10,35,50,female,6,study1_35f100_v1,study1_35f100_v1_manifest.json
development,b00p09,9,0,1502000,9,10,35,50,female,6,study1_35f100_v1,study1_35f100_v1_manifest.json
development,b01p00,10,1,1502001,0,10,35,50,female,6,study1_35f100_v1,study1_35f100_v1_manifest.json
development,b01p01,11,1,1502001,1,10,35,50,female,6,study1_35f100_v1,study1_35f100_v1_manifest.json
development,b01p02,12,1,1502001,2,10,35,50,female,6,study1_35f100_v1,study1_35f100_v1_manifest.json
development,b01p03,13,1,1502001,3,10,35,50,female,6,study1_35f100_v1,study1_35f100_v1_manifest.json
development,b01p04,14,1,1502001,4,10,35,50,female,6,study1_35f100_v1,study1_35f100_v1_manifest.json
development,b01p05,15,1,1502001,5,10,35,50,female,6,study1_35f100_v1,study1_35f100_v1_manifest.json
development,b01p06,16,1,1502001,6,10,35,50,female,6,study1_35f100_v1,study1_35f100_v1_manifest.json
development,b01p07,17,1,1502001,7,10,35,50,female,6,study1_35f100_v1,study1_35f100_v1_manifest.json
development,b01p08,18,1,1502001,8,10,35,50,female,6,study1_35f100_v1,study1_35f100_v1_manifest.json
development,b01p09,19,1,1502001,9,10,35,50,female,6,study1_35f100_v1,study1_35f100_v1_manifest.json
development,b02p00,20,2,1502002,0,10,35,50,female,6,study1_35f100_v1,study1_35f100_v1_manifest.json
development,b02p01,21,2,1502002,1,10,35,50,female,6,study1_35f100_v1,study1_35f100_v1_manifest.json
development,b02p02,22,2,1502002,2,10,35,50,female,6,study1_35f100_v1,study1_35f100_v1_manifest.json
development,b02p03,23,2,1502002,3,10,35,50,female,6,study1_35f100_v1,study1_35f100_v1_manifest.json
development,b02p04,24,2,1502002,4,10,35,50,female,6,study1_35f100_v1,study1_35f100_v1_manifest.json
development,b02p05,25,2,1502002,5,10,35,50,female,6,study1_35f100_v1,study1_35f100_v1_manifest.json
development,b02p06,26,2,1502002,6,10,35,50,female,6,study1_35f100_v1,study1_35f100_v1_manifest.json
development,b02p07,27,2,1502002,7,10,35,50,female,6,study1_35f100_v1,study1_35f100_v1_manifest.json
development,b02p08,28,2,1502002,8,10,35,50,female,6,study1_35f100_v1,study1_35f100_v1_manifest.json
development,b02p09,29,2,1502002,9,10,35,50,female,6,study1_35f100_v1,study1_35f100_v1_manifest.json
development,b03p00,30,3,1502003,0,10,35,50,female,6,study1_35f100_v1,study1_35f100_v1_manifest.json
development,b03p01,31,3,1502003,1,10,35,50,female,6,study1_35f100_v1,study1_35f100_v1_manifest.json
development,b03p02,32,3,1502003,2,10,35,50,female,6,study1_35f100_v1,study1_35f100_v1_manifest.json
development,b03p03,33,3,1502003,3,10,35,50,female,6,study1_35f100_v1,study1_35f100_v1_manifest.json
development,b03p04,34,3,1502003,4,10,35,50,female,6,study1_35f100_v1,study1_35f100_v1_manifest.json
development,b03p05,35,3,1502003,5,10,35,50,female,6,study1_35f100_v1,study1_35f100_v1_manifest.json
development,b03p06,36,3,1502003,6,10,35,50,female,6,study1_35f100_v1,study1_35f100_v1_manifest.json
development,b03p07,37,3,1502003,7,10,35,50,female,6,study1_35f100_v1,study1_35f100_v1_manifest.json
development,b03p08,38,3,1502003,8,10,35,50,female,6,study1_35f100_v1,study1_35f100_v1_manifest.json
development,b03p09,39,3,1502003,9,10,35,50,female,6,study1_35f100_v1,study1_35f100_v1_manifest.json
development,b04p00,40,4,1502004,0,10,35,50,female,6,study1_35f100_v1,study1_35f100_v1_manifest.json
development,b04p01,41,4,1502004,1,10,35,50,female,6,study1_35f100_v1,study1_35f100_v1_manifest.json
development,b04p02,42,4,1502004,2,10,35,50,female,6,study1_35f100_v1,study1_35f100_v1_manifest.json
development,b04p03,43,4,1502004,3,10,35,50,female,6,study1_35f100_v1,study1_35f100_v1_manifest.json
development,b04p04,44,4,1502004,4,10,35,50,female,6,study1_35f100_v1,study1_35f100_v1_manifest.json
development,b04p05,45,4,1502004,5,10,35,50,female,6,study1_35f100_v1,study1_35f100_v1_manifest.json
development,b04p06,46,4,1502004,6,10,35,50,female,6,study1_35f100_v1,study1_35f100_v1_manifest.json
development,b04p07,47,4,1502004,7,10,35,50,female,6,study1_35f100_v1,study1_35f100_v1_manifest.json
development,b04p08,48,4,1502004,8,10,35,50,female,6,study1_35f100_v1,study1_35f100_v1_manifest.json
development,b04p09,49,4,1502004,9,10,35,50,female,6,study1_35f100_v1,study1_35f100_v1_manifest.json
development,b05p00,50,5,1502005,0,10,35,50,female,6,study1_35f100_v1,study1_35f100_v1_manifest.json
development,b05p01,51,5,1502005,1,10,35,50,female,6,study1_35f100_v1,study1_35f100_v1_manifest.json
development,b05p02,52,5,1502005,2,10,35,50,female,6,study1_35f100_v1,study1_35f100_v1_manifest.json
development,b05p03,53,5,1502005,3,10,35,50,female,6,study1_35f100_v1,study1_35f100_v1_manifest.json
development,b05p04,54,5,1502005,4,10,35,50,female,6,study1_35f100_v1,study1_35f100_v1_manifest.json
development,b05p05,55,5,1502005,5,10,35,50,female,6,study1_35f100_v1,study1_35f100_v1_manifest.json
development,b05p06,56,5,1502005,6,10,35,50,female,6,study1_35f100_v1,study1_35f100_v1_manifest.json
development,b05p07,57,5,1502005,7,10,35,50,female,6,study1_35f100_v1,study1_35f100_v1_manifest.json
development,b05p08,58,5,1502005,8,10,35,50,female,6,study1_35f100_v1,study1_35f100_v1_manifest.json
development,b05p09,59,5,1502005,9,10,35,50,female,6,study1_35f100_v1,study1_35f100_v1_manifest.json
development,b06p00,60,6,1502006,0,10,35,50,female,6,study1_35f100_v1,study1_35f100_v1_manifest.json
development,b06p01,61,6,1502006,1,10,35,50,female,6,study1_35f100_v1,study1_35f100_v1_manifest.json
development,b06p02,62,6,1502006,2,10,35,50,female,6,study1_35f100_v1,study1_35f100_v1_manifest.json
development,b06p03,63,6,1502006,3,10,35,50,female,6,study1_35f100_v1,study1_35f100_v1_manifest.json
development,b06p04,64,6,1502006,4,10,35,50,female,6,study1_35f100_v1,study1_35f100_v1_manifest.json
development,b06p05,65,6,1502006,5,10,35,50,female,6,study1_35f100_v1,study1_35f100_v1_manifest.json
development,b06p06,66,6,1502006,6,10,35,50,female,6,study1_35f100_v1,study1_35f100_v1_manifest.json
development,b06p07,67,6,1502006,7,10,35,50,female,6,study1_35f100_v1,study1_35f100_v1_manifest.json
development,b06p08,68,6,1502006,8,10,35,50,female,6,study1_35f100_v1,study1_35f100_v1_manifest.json
development,b06p09,69,6,1502006,9,10,35,50,female,6,study1_35f100_v1,study1_35f100_v1_manifest.json
development,b07p00,70,7,1502007,0,10,35,50,female,6,study1_35f100_v1,study1_35f100_v1_manifest.json
development,b07p01,71,7,1502007,1,10,35,50,female,6,study1_35f100_v1,study1_35f100_v1_manifest.json
development,b07p02,72,7,1502007,2,10,35,50,female,6,study1_35f100_v1,study1_35f100_v1_manifest.json
development,b07p03,73,7,1502007,3,10,35,50,female,6,study1_35f100_v1,study1_35f100_v1_manifest.json
development,b07p04,74,7,1502007,4,10,35,50,female,6,study1_35f100_v1,study1_35f100_v1_manifest.json
development,b07p05,75,7,1502007,5,10,35,50,female,6,study1_35f100_v1,study1_35f100_v1_manifest.json
development,b07p06,76,7,1502007,6,10,35,50,female,6,study1_35f100_v1,study1_35f100_v1_manifest.json
development,b07p07,77,7,1502007,7,10,35,50,female,6,study1_35f100_v1,study1_35f100_v1_manifest.json
development,b07p08,78,7,1502007,8,10,35,50,female,6,study1_35f100_v1,study1_35f100_v1_manifest.json
development,b07p09,79,7,1502007,9,10,35,50,female,6,study1_35f100_v1,study1_35f100_v1_manifest.json
development,b08p00,80,8,1502008,0,10,35,50,female,6,study1_35f100_v1,study1_35f100_v1_manifest.json
development,b08p01,81,8,1502008,1,10,35,50,female,6,study1_35f100_v1,study1_35f100_v1_manifest.json
development,b08p02,82,8,1502008,2,10,35,50,female,6,study1_35f100_v1,study1_35f100_v1_manifest.json
development,b08p03,83,8,1502008,3,10,35,50,female,6,study1_35f100_v1,study1_35f100_v1_manifest.json
development,b08p04,84,8,1502008,4,10,35,50,female,6,study1_35f100_v1,study1_35f100_v1_manifest.json
development,b08p05,85,8,1502008,5,10,35,50,female,6,study1_35f100_v1,study1_35f100_v1_manifest.json
development,b08p06,86,8,1502008,6,10,35,50,female,6,study1_35f100_v1,study1_35f100_v1_manifest.json
development,b08p07,87,8,1502008,7,10,35,50,female,6,study1_35f100_v1,study1_35f100_v1_manifest.json
development,b08p08,88,8,1502008,8,10,35,50,female,6,study1_35f100_v1,study1_35f100_v1_manifest.json
development,b08p09,89,8,1502008,9,10,35,50,female,6,study1_35f100_v1,study1_35f100_v1_manifest.json
development,b09p00,90,9,1502009,0,10,35,50,female,6,study1_35f100_v1,study1_35f100_v1_manifest.json
development,b09p01,91,9,1502009,1,10,35,50,female,6,study1_35f100_v1,study1_35f100_v1_manifest.json
development,b09p02,92,9,1502009,2,10,35,50,female,6,study1_35f100_v1,study1_35f100_v1_manifest.json
development,b09p03,93,9,1502009,3,10,35,50,female,6,study1_35f100_v1,study1_35f100_v1_manifest.json
development,b09p04,94,9,1502009,4,10,35,50,female,6,study1_35f100_v1,study1_35f100_v1_manifest.json
development,b09p05,95,9,1502009,5,10,35,50,female,6,study1_35f100_v1,study1_35f100_v1_manifest.json
development,b09p06,96,9,1502009,6,10,35,50,female,6,study1_35f100_v1,study1_35f100_v1_manifest.json
development,b09p07,97,9,1502009,7,10,35,50,female,6,study1_35f100_v1,study1_35f100_v1_manifest.json
development,b09p08,98,9,1502009,8,10,35,50,female,6,study1_35f100_v1,study1_35f100_v1_manifest.json
development,b09p09,99,9,1502009,9,10,35,50,female,6,study1_35f100_v1,study1_35f100_v1_manifest.json
development,b10p00,100,10,1502010,0,10,35,50,female,6,study1_35f300_extension_v1,study1_35f300_extension_v1_manifest.json
development,b10p01,101,10,1502010,1,10,35,50,female,6,study1_35f300_extension_v1,study1_35f300_extension_v1_manifest.json
development,b10p02,102,10,1502010,2,10,35,50,female,6,study1_35f300_extension_v1,study1_35f300_extension_v1_manifest.json
development,b10p03,103,10,1502010,3,10,35,50,female,6,study1_35f300_extension_v1,study1_35f300_extension_v1_manifest.json
development,b10p04,104,10,1502010,4,10,35,50,female,6,study1_35f300_extension_v1,study1_35f300_extension_v1_manifest.json
development,b10p05,105,10,1502010,5,10,35,50,female,6,study1_35f300_extension_v1,study1_35f300_extension_v1_manifest.json
development,b10p06,106,10,1502010,6,10,35,50,female,6,study1_35f300_extension_v1,study1_35f300_extension_v1_manifest.json
development,b10p07,107,10,1502010,7,10,35,50,female,6,study1_35f300_extension_v1,study1_35f300_extension_v1_manifest.json
development,b10p08,108,10,1502010,8,10,35,50,female,6,study1_35f300_extension_v1,study1_35f300_extension_v1_manifest.json
development,b10p09,109,10,1502010,9,10,35,50,female,6,study1_35f300_extension_v1,study1_35f300_extension_v1_manifest.json
development,b11p00,110,11,1502011,0,10,35,50,female,6,study1_35f300_extension_v1,study1_35f300_extension_v1_manifest.json
development,b11p01,111,11,1502011,1,10,35,50,female,6,study1_35f300_extension_v1,study1_35f300_extension_v1_manifest.json
development,b11p02,112,11,1502011,2,10,35,50,female,6,study1_35f300_extension_v1,study1_35f300_extension_v1_manifest.json
development,b11p03,113,11,1502011,3,10,35,50,female,6,study1_35f300_extension_v1,study1_35f300_extension_v1_manifest.json
development,b11p04,114,11,1502011,4,10,35,50,female,6,study1_35f300_extension_v1,study1_35f300_extension_v1_manifest.json
development,b11p05,115,11,1502011,5,10,35,50,female,6,study1_35f300_extension_v1,study1_35f300_extension_v1_manifest.json
development,b11p06,116,11,1502011,6,10,35,50,female,6,study1_35f300_extension_v1,study1_35f300_extension_v1_manifest.json
development,b11p07,117,11,1502011,7,10,35,50,female,6,study1_35f300_extension_v1,study1_35f300_extension_v1_manifest.json
development,b11p08,118,11,1502011,8,10,35,50,female,6,study1_35f300_extension_v1,study1_35f300_extension_v1_manifest.json
development,b11p09,119,11,1502011,9,10,35,50,female,6,study1_35f300_extension_v1,study1_35f300_extension_v1_manifest.json
development,b12p00,120,12,1502012,0,10,35,50,female,6,study1_35f300_extension_v1,study1_35f300_extension_v1_manifest.json
development,b12p01,121,12,1502012,1,10,35,50,female,6,study1_35f300_extension_v1,study1_35f300_extension_v1_manifest.json
development,b12p02,122,12,1502012,2,10,35,50,female,6,study1_35f300_extension_v1,study1_35f300_extension_v1_manifest.json
development,b12p03,123,12,1502012,3,10,35,50,female,6,study1_35f300_extension_v1,study1_35f300_extension_v1_manifest.json
development,b12p04,124,12,1502012,4,10,35,50,female,6,study1_35f300_extension_v1,study1_35f300_extension_v1_manifest.json
development,b12p05,125,12,1502012,5,10,35,50,female,6,study1_35f300_extension_v1,study1_35f300_extension_v1_manifest.json
development,b12p06,126,12,1502012,6,10,35,50,female,6,study1_35f300_extension_v1,study1_35f300_extension_v1_manifest.json
development,b12p07,127,12,1502012,7,10,35,50,female,6,study1_35f300_extension_v1,study1_35f300_extension_v1_manifest.json
development,b12p08,128,12,1502012,8,10,35,50,female,6,study1_35f300_extension_v1,study1_35f300_extension_v1_manifest.json
development,b12p09,129,12,1502012,9,10,35,50,female,6,study1_35f300_extension_v1,study1_35f300_extension_v1_manifest.json
development,b13p00,130,13,1502013,0,10,35,50,female,6,study1_35f300_extension_v1,study1_35f300_extension_v1_manifest.json
development,b13p01,131,13,1502013,1,10,35,50,female,6,study1_35f300_extension_v1,study1_35f300_extension_v1_manifest.json
development,b13p02,132,13,1502013,2,10,35,50,female,6,study1_35f300_extension_v1,study1_35f300_extension_v1_manifest.json
development,b13p03,133,13,1502013,3,10,35,50,female,6,study1_35f300_extension_v1,study1_35f300_extension_v1_manifest.json
development,b13p04,134,13,1502013,4,10,35,50,female,6,study1_35f300_extension_v1,study1_35f300_extension_v1_manifest.json
development,b13p05,135,13,1502013,5,10,35,50,female,6,study1_35f300_extension_v1,study1_35f300_extension_v1_manifest.json
development,b13p06,136,13,1502013,6,10,35,50,female,6,study1_35f300_extension_v1,study1_35f300_extension_v1_manifest.json
development,b13p07,137,13,1502013,7,10,35,50,female,6,study1_35f300_extension_v1,study1_35f300_extension_v1_manifest.json
development,b13p08,138,13,1502013,8,10,35,50,female,6,study1_35f300_extension_v1,study1_35f300_extension_v1_manifest.json
development,b13p09,139,13,1502013,9,10,35,50,female,6,study1_35f300_extension_v1,study1_35f300_extension_v1_manifest.json
development,b14p00,140,14,1502014,0,10,35,50,female,6,study1_35f300_extension_v1,study1_35f300_extension_v1_manifest.json
development,b14p01,141,14,1502014,1,10,35,50,female,6,study1_35f300_extension_v1,study1_35f300_extension_v1_manifest.json
development,b14p02,142,14,1502014,2,10,35,50,female,6,study1_35f300_extension_v1,study1_35f300_extension_v1_manifest.json
development,b14p03,143,14,1502014,3,10,35,50,female,6,study1_35f300_extension_v1,study1_35f300_extension_v1_manifest.json
development,b14p04,144,14,1502014,4,10,35,50,female,6,study1_35f300_extension_v1,study1_35f300_extension_v1_manifest.json
development,b14p05,145,14,1502014,5,10,35,50,female,6,study1_35f300_extension_v1,study1_35f300_extension_v1_manifest.json
development,b14p06,146,14,1502014,6,10,35,50,female,6,study1_35f300_extension_v1,study1_35f300_extension_v1_manifest.json
development,b14p07,147,14,1502014,7,10,35,50,female,6,study1_35f300_extension_v1,study1_35f300_extension_v1_manifest.json
development,b14p08,148,14,1502014,8,10,35,50,female,6,study1_35f300_extension_v1,study1_35f300_extension_v1_manifest.json
development,b14p09,149,14,1502014,9,10,35,50,female,6,study1_35f300_extension_v1,study1_35f300_extension_v1_manifest.json
development,b15p00,150,15,1502015,0,10,35,50,female,6,study1_35f300_extension_v1,study1_35f300_extension_v1_manifest.json
development,b15p01,151,15,1502015,1,10,35,50,female,6,study1_35f300_extension_v1,study1_35f300_extension_v1_manifest.json
development,b15p02,152,15,1502015,2,10,35,50,female,6,study1_35f300_extension_v1,study1_35f300_extension_v1_manifest.json
development,b15p03,153,15,1502015,3,10,35,50,female,6,study1_35f300_extension_v1,study1_35f300_extension_v1_manifest.json
development,b15p04,154,15,1502015,4,10,35,50,female,6,study1_35f300_extension_v1,study1_35f300_extension_v1_manifest.json
development,b15p05,155,15,1502015,5,10,35,50,female,6,study1_35f300_extension_v1,study1_35f300_extension_v1_manifest.json
development,b15p06,156,15,1502015,6,10,35,50,female,6,study1_35f300_extension_v1,study1_35f300_extension_v1_manifest.json
development,b15p07,157,15,1502015,7,10,35,50,female,6,study1_35f300_extension_v1,study1_35f300_extension_v1_manifest.json
development,b15p08,158,15,1502015,8,10,35,50,female,6,study1_35f300_extension_v1,study1_35f300_extension_v1_manifest.json
development,b15p09,159,15,1502015,9,10,35,50,female,6,study1_35f300_extension_v1,study1_35f300_extension_v1_manifest.json
development,b16p00,160,16,1502016,0,10,35,50,female,6,study1_35f300_extension_v1,study1_35f300_extension_v1_manifest.json
development,b16p01,161,16,1502016,1,10,35,50,female,6,study1_35f300_extension_v1,study1_35f300_extension_v1_manifest.json
development,b16p02,162,16,1502016,2,10,35,50,female,6,study1_35f300_extension_v1,study1_35f300_extension_v1_manifest.json
development,b16p03,163,16,1502016,3,10,35,50,female,6,study1_35f300_extension_v1,study1_35f300_extension_v1_manifest.json
development,b16p04,164,16,1502016,4,10,35,50,female,6,study1_35f300_extension_v1,study1_35f300_extension_v1_manifest.json
development,b16p05,165,16,1502016,5,10,35,50,female,6,study1_35f300_extension_v1,study1_35f300_extension_v1_manifest.json
development,b16p06,166,16,1502016,6,10,35,50,female,6,study1_35f300_extension_v1,study1_35f300_extension_v1_manifest.json
development,b16p07,167,16,1502016,7,10,35,50,female,6,study1_35f300_extension_v1,study1_35f300_extension_v1_manifest.json
development,b16p08,168,16,1502016,8,10,35,50,female,6,study1_35f300_extension_v1,study1_35f300_extension_v1_manifest.json
development,b16p09,169,16,1502016,9,10,35,50,female,6,study1_35f300_extension_v1,study1_35f300_extension_v1_manifest.json
development,b17p00,170,17,1502017,0,10,35,50,female,6,study1_35f300_extension_v1,study1_35f300_extension_v1_manifest.json
development,b17p01,171,17,1502017,1,10,35,50,female,6,study1_35f300_extension_v1,study1_35f300_extension_v1_manifest.json
development,b17p02,172,17,1502017,2,10,35,50,female,6,study1_35f300_extension_v1,study1_35f300_extension_v1_manifest.json
development,b17p03,173,17,1502017,3,10,35,50,female,6,study1_35f300_extension_v1,study1_35f300_extension_v1_manifest.json
development,b17p04,174,17,1502017,4,10,35,50,female,6,study1_35f300_extension_v1,study1_35f300_extension_v1_manifest.json
development,b17p05,175,17,1502017,5,10,35,50,female,6,study1_35f300_extension_v1,study1_35f300_extension_v1_manifest.json
development,b17p06,176,17,1502017,6,10,35,50,female,6,study1_35f300_extension_v1,study1_35f300_extension_v1_manifest.json
development,b17p07,177,17,1502017,7,10,35,50,female,6,study1_35f300_extension_v1,study1_35f300_extension_v1_manifest.json
development,b17p08,178,17,1502017,8,10,35,50,female,6,study1_35f300_extension_v1,study1_35f300_extension_v1_manifest.json
development,b17p09,179,17,1502017,9,10,35,50,female,6,study1_35f300_extension_v1,study1_35f300_extension_v1_manifest.json
development,b18p00,180,18,1502018,0,10,35,50,female,6,study1_35f300_extension_v1,study1_35f300_extension_v1_manifest.json
development,b18p01,181,18,1502018,1,10,35,50,female,6,study1_35f300_extension_v1,study1_35f300_extension_v1_manifest.json
development,b18p02,182,18,1502018,2,10,35,50,female,6,study1_35f300_extension_v1,study1_35f300_extension_v1_manifest.json
development,b18p03,183,18,1502018,3,10,35,50,female,6,study1_35f300_extension_v1,study1_35f300_extension_v1_manifest.json
development,b18p04,184,18,1502018,4,10,35,50,female,6,study1_35f300_extension_v1,study1_35f300_extension_v1_manifest.json
development,b18p05,185,18,1502018,5,10,35,50,female,6,study1_35f300_extension_v1,study1_35f300_extension_v1_manifest.json
development,b18p06,186,18,1502018,6,10,35,50,female,6,study1_35f300_extension_v1,study1_35f300_extension_v1_manifest.json
development,b18p07,187,18,1502018,7,10,35,50,female,6,study1_35f300_extension_v1,study1_35f300_extension_v1_manifest.json
development,b18p08,188,18,1502018,8,10,35,50,female,6,study1_35f300_extension_v1,study1_35f300_extension_v1_manifest.json
development,b18p09,189,18,1502018,9,10,35,50,female,6,study1_35f300_extension_v1,study1_35f300_extension_v1_manifest.json
development,b19p00,190,19,1502019,0,10,35,50,female,6,study1_35f300_extension_v1,study1_35f300_extension_v1_manifest.json
development,b19p01,191,19,1502019,1,10,35,50,female,6,study1_35f300_extension_v1,study1_35f300_extension_v1_manifest.json
development,b19p02,192,19,1502019,2,10,35,50,female,6,study1_35f300_extension_v1,study1_35f300_extension_v1_manifest.json
development,b19p03,193,19,1502019,3,10,35,50,female,6,study1_35f300_extension_v1,study1_35f300_extension_v1_manifest.json
development,b19p04,194,19,1502019,4,10,35,50,female,6,study1_35f300_extension_v1,study1_35f300_extension_v1_manifest.json
development,b19p05,195,19,1502019,5,10,35,50,female,6,study1_35f300_extension_v1,study1_35f300_extension_v1_manifest.json
development,b19p06,196,19,1502019,6,10,35,50,female,6,study1_35f300_extension_v1,study1_35f300_extension_v1_manifest.json
development,b19p07,197,19,1502019,7,10,35,50,female,6,study1_35f300_extension_v1,study1_35f300_extension_v1_manifest.json
development,b19p08,198,19,1502019,8,10,35,50,female,6,study1_35f300_extension_v1,study1_35f300_extension_v1_manifest.json
development,b19p09,199,19,1502019,9,10,35,50,female,6,study1_35f300_extension_v1,study1_35f300_extension_v1_manifest.json
development,b20p00,200,20,1502020,0,10,35,50,female,6,study1_35f300_extension_v1,study1_35f300_extension_v1_manifest.json
development,b20p01,201,20,1502020,1,10,35,50,female,6,study1_35f300_extension_v1,study1_35f300_extension_v1_manifest.json
development,b20p02,202,20,1502020,2,10,35,50,female,6,study1_35f300_extension_v1,study1_35f300_extension_v1_manifest.json
development,b20p03,203,20,1502020,3,10,35,50,female,6,study1_35f300_extension_v1,study1_35f300_extension_v1_manifest.json
development,b20p04,204,20,1502020,4,10,35,50,female,6,study1_35f300_extension_v1,study1_35f300_extension_v1_manifest.json
development,b20p05,205,20,1502020,5,10,35,50,female,6,study1_35f300_extension_v1,study1_35f300_extension_v1_manifest.json
development,b20p06,206,20,1502020,6,10,35,50,female,6,study1_35f300_extension_v1,study1_35f300_extension_v1_manifest.json
development,b20p07,207,20,1502020,7,10,35,50,female,6,study1_35f300_extension_v1,study1_35f300_extension_v1_manifest.json
development,b20p08,208,20,1502020,8,10,35,50,female,6,study1_35f300_extension_v1,study1_35f300_extension_v1_manifest.json
development,b20p09,209,20,1502020,9,10,35,50,female,6,study1_35f300_extension_v1,study1_35f300_extension_v1_manifest.json
development,b21p00,210,21,1502021,0,10,35,50,female,6,study1_35f300_extension_v1,study1_35f300_extension_v1_manifest.json
development,b21p01,211,21,1502021,1,10,35,50,female,6,study1_35f300_extension_v1,study1_35f300_extension_v1_manifest.json
development,b21p02,212,21,1502021,2,10,35,50,female,6,study1_35f300_extension_v1,study1_35f300_extension_v1_manifest.json
development,b21p03,213,21,1502021,3,10,35,50,female,6,study1_35f300_extension_v1,study1_35f300_extension_v1_manifest.json
development,b21p04,214,21,1502021,4,10,35,50,female,6,study1_35f300_extension_v1,study1_35f300_extension_v1_manifest.json
development,b21p05,215,21,1502021,5,10,35,50,female,6,study1_35f300_extension_v1,study1_35f300_extension_v1_manifest.json
development,b21p06,216,21,1502021,6,10,35,50,female,6,study1_35f300_extension_v1,study1_35f300_extension_v1_manifest.json
development,b21p07,217,21,1502021,7,10,35,50,female,6,study1_35f300_extension_v1,study1_35f300_extension_v1_manifest.json
development,b21p08,218,21,1502021,8,10,35,50,female,6,study1_35f300_extension_v1,study1_35f300_extension_v1_manifest.json
development,b21p09,219,21,1502021,9,10,35,50,female,6,study1_35f300_extension_v1,study1_35f300_extension_v1_manifest.json
development,b22p00,220,22,1502022,0,10,35,50,female,6,study1_35f300_extension_v1,study1_35f300_extension_v1_manifest.json
development,b22p01,221,22,1502022,1,10,35,50,female,6,study1_35f300_extension_v1,study1_35f300_extension_v1_manifest.json
development,b22p02,222,22,1502022,2,10,35,50,female,6,study1_35f300_extension_v1,study1_35f300_extension_v1_manifest.json
development,b22p03,223,22,1502022,3,10,35,50,female,6,study1_35f300_extension_v1,study1_35f300_extension_v1_manifest.json
development,b22p04,224,22,1502022,4,10,35,50,female,6,study1_35f300_extension_v1,study1_35f300_extension_v1_manifest.json
development,b22p05,225,22,1502022,5,10,35,50,female,6,study1_35f300_extension_v1,study1_35f300_extension_v1_manifest.json
development,b22p06,226,22,1502022,6,10,35,50,female,6,study1_35f300_extension_v1,study1_35f300_extension_v1_manifest.json
development,b22p07,227,22,1502022,7,10,35,50,female,6,study1_35f300_extension_v1,study1_35f300_extension_v1_manifest.json
development,b22p08,228,22,1502022,8,10,35,50,female,6,study1_35f300_extension_v1,study1_35f300_extension_v1_manifest.json
development,b22p09,229,22,1502022,9,10,35,50,female,6,study1_35f300_extension_v1,study1_35f300_extension_v1_manifest.json
development,b23p00,230,23,1502023,0,10,35,50,female,6,study1_35f300_extension_v1,study1_35f300_extension_v1_manifest.json
development,b23p01,231,23,1502023,1,10,35,50,female,6,study1_35f300_extension_v1,study1_35f300_extension_v1_manifest.json
development,b23p02,232,23,1502023,2,10,35,50,female,6,study1_35f300_extension_v1,study1_35f300_extension_v1_manifest.json
development,b23p03,233,23,1502023,3,10,35,50,female,6,study1_35f300_extension_v1,study1_35f300_extension_v1_manifest.json
development,b23p04,234,23,1502023,4,10,35,50,female,6,study1_35f300_extension_v1,study1_35f300_extension_v1_manifest.json
development,b23p05,235,23,1502023,5,10,35,50,female,6,study1_35f300_extension_v1,study1_35f300_extension_v1_manifest.json
development,b23p06,236,23,1502023,6,10,35,50,female,6,study1_35f300_extension_v1,study1_35f300_extension_v1_manifest.json
development,b23p07,237,23,1502023,7,10,35,50,female,6,study1_35f300_extension_v1,study1_35f300_extension_v1_manifest.json
development,b23p08,238,23,1502023,8,10,35,50,female,6,study1_35f300_extension_v1,study1_35f300_extension_v1_manifest.json
development,b23p09,239,23,1502023,9,10,35,50,female,6,study1_35f300_extension_v1,study1_35f300_extension_v1_manifest.json
development,b24p00,240,24,1502024,0,10,35,50,female,6,study1_35f300_extension_v1,study1_35f300_extension_v1_manifest.json
development,b24p01,241,24,1502024,1,10,35,50,female,6,study1_35f300_extension_v1,study1_35f300_extension_v1_manifest.json
development,b24p02,242,24,1502024,2,10,35,50,female,6,study1_35f300_extension_v1,study1_35f300_extension_v1_manifest.json
development,b24p03,243,24,1502024,3,10,35,50,female,6,study1_35f300_extension_v1,study1_35f300_extension_v1_manifest.json
development,b24p04,244,24,1502024,4,10,35,50,female,6,study1_35f300_extension_v1,study1_35f300_extension_v1_manifest.json
development,b24p05,245,24,1502024,5,10,35,50,female,6,study1_35f300_extension_v1,study1_35f300_extension_v1_manifest.json
development,b24p06,246,24,1502024,6,10,35,50,female,6,study1_35f300_extension_v1,study1_35f300_extension_v1_manifest.json
development,b24p07,247,24,1502024,7,10,35,50,female,6,study1_35f300_extension_v1,study1_35f300_extension_v1_manifest.json
development,b24p08,248,24,1502024,8,10,35,50,female,6,study1_35f300_extension_v1,study1_35f300_extension_v1_manifest.json
development,b24p09,249,24,1502024,9,10,35,50,female,6,study1_35f300_extension_v1,study1_35f300_extension_v1_manifest.json
development,b25p00,250,25,1502025,0,10,35,50,female,6,study1_35f300_extension_v1,study1_35f300_extension_v1_manifest.json
development,b25p01,251,25,1502025,1,10,35,50,female,6,study1_35f300_extension_v1,study1_35f300_extension_v1_manifest.json
development,b25p02,252,25,1502025,2,10,35,50,female,6,study1_35f300_extension_v1,study1_35f300_extension_v1_manifest.json
development,b25p03,253,25,1502025,3,10,35,50,female,6,study1_35f300_extension_v1,study1_35f300_extension_v1_manifest.json
development,b25p04,254,25,1502025,4,10,35,50,female,6,study1_35f300_extension_v1,study1_35f300_extension_v1_manifest.json
development,b25p05,255,25,1502025,5,10,35,50,female,6,study1_35f300_extension_v1,study1_35f300_extension_v1_manifest.json
development,b25p06,256,25,1502025,6,10,35,50,female,6,study1_35f300_extension_v1,study1_35f300_extension_v1_manifest.json
development,b25p07,257,25,1502025,7,10,35,50,female,6,study1_35f300_extension_v1,study1_35f300_extension_v1_manifest.json
development,b25p08,258,25,1502025,8,10,35,50,female,6,study1_35f300_extension_v1,study1_35f300_extension_v1_manifest.json
development,b25p09,259,25,1502025,9,10,35,50,female,6,study1_35f300_extension_v1,study1_35f300_extension_v1_manifest.json
development,b26p00,260,26,1502026,0,10,35,50,female,6,study1_35f300_extension_v1,study1_35f300_extension_v1_manifest.json
development,b26p01,261,26,1502026,1,10,35,50,female,6,study1_35f300_extension_v1,study1_35f300_extension_v1_manifest.json
development,b26p02,262,26,1502026,2,10,35,50,female,6,study1_35f300_extension_v1,study1_35f300_extension_v1_manifest.json
development,b26p03,263,26,1502026,3,10,35,50,female,6,study1_35f300_extension_v1,study1_35f300_extension_v1_manifest.json
development,b26p04,264,26,1502026,4,10,35,50,female,6,study1_35f300_extension_v1,study1_35f300_extension_v1_manifest.json
development,b26p05,265,26,1502026,5,10,35,50,female,6,study1_35f300_extension_v1,study1_35f300_extension_v1_manifest.json
development,b26p06,266,26,1502026,6,10,35,50,female,6,study1_35f300_extension_v1,study1_35f300_extension_v1_manifest.json
development,b26p07,267,26,1502026,7,10,35,50,female,6,study1_35f300_extension_v1,study1_35f300_extension_v1_manifest.json
development,b26p08,268,26,1502026,8,10,35,50,female,6,study1_35f300_extension_v1,study1_35f300_extension_v1_manifest.json
development,b26p09,269,26,1502026,9,10,35,50,female,6,study1_35f300_extension_v1,study1_35f300_extension_v1_manifest.json
development,b27p00,270,27,1502027,0,10,35,50,female,6,study1_35f300_extension_v1,study1_35f300_extension_v1_manifest.json
development,b27p01,271,27,1502027,1,10,35,50,female,6,study1_35f300_extension_v1,study1_35f300_extension_v1_manifest.json
development,b27p02,272,27,1502027,2,10,35,50,female,6,study1_35f300_extension_v1,study1_35f300_extension_v1_manifest.json
development,b27p03,273,27,1502027,3,10,35,50,female,6,study1_35f300_extension_v1,study1_35f300_extension_v1_manifest.json
development,b27p04,274,27,1502027,4,10,35,50,female,6,study1_35f300_extension_v1,study1_35f300_extension_v1_manifest.json
development,b27p05,275,27,1502027,5,10,35,50,female,6,study1_35f300_extension_v1,study1_35f300_extension_v1_manifest.json
development,b27p06,276,27,1502027,6,10,35,50,female,6,study1_35f300_extension_v1,study1_35f300_extension_v1_manifest.json
development,b27p07,277,27,1502027,7,10,35,50,female,6,study1_35f300_extension_v1,study1_35f300_extension_v1_manifest.json
development,b27p08,278,27,1502027,8,10,35,50,female,6,study1_35f300_extension_v1,study1_35f300_extension_v1_manifest.json
development,b27p09,279,27,1502027,9,10,35,50,female,6,study1_35f300_extension_v1,study1_35f300_extension_v1_manifest.json
development,b28p00,280,28,1502028,0,10,35,50,female,6,study1_35f300_extension_v1,study1_35f300_extension_v1_manifest.json
development,b28p01,281,28,1502028,1,10,35,50,female,6,study1_35f300_extension_v1,study1_35f300_extension_v1_manifest.json
development,b28p02,282,28,1502028,2,10,35,50,female,6,study1_35f300_extension_v1,study1_35f300_extension_v1_manifest.json
development,b28p03,283,28,1502028,3,10,35,50,female,6,study1_35f300_extension_v1,study1_35f300_extension_v1_manifest.json
development,b28p04,284,28,1502028,4,10,35,50,female,6,study1_35f300_extension_v1,study1_35f300_extension_v1_manifest.json
development,b28p05,285,28,1502028,5,10,35,50,female,6,study1_35f300_extension_v1,study1_35f300_extension_v1_manifest.json
development,b28p06,286,28,1502028,6,10,35,50,female,6,study1_35f300_extension_v1,study1_35f300_extension_v1_manifest.json
development,b28p07,287,28,1502028,7,10,35,50,female,6,study1_35f300_extension_v1,study1_35f300_extension_v1_manifest.json
development,b28p08,288,28,1502028,8,10,35,50,female,6,study1_35f300_extension_v1,study1_35f300_extension_v1_manifest.json
development,b28p09,289,28,1502028,9,10,35,50,female,6,study1_35f300_extension_v1,study1_35f300_extension_v1_manifest.json
development,b29p00,290,29,1502029,0,10,35,50,female,6,study1_35f300_extension_v1,study1_35f300_extension_v1_manifest.json
development,b29p01,291,29,1502029,1,10,35,50,female,6,study1_35f300_extension_v1,study1_35f300_extension_v1_manifest.json
development,b29p02,292,29,1502029,2,10,35,50,female,6,study1_35f300_extension_v1,study1_35f300_extension_v1_manifest.json
development,b29p03,293,29,1502029,3,10,35,50,female,6,study1_35f300_extension_v1,study1_35f300_extension_v1_manifest.json
development,b29p04,294,29,1502029,4,10,35,50,female,6,study1_35f300_extension_v1,study1_35f300_extension_v1_manifest.json
development,b29p05,295,29,1502029,5,10,35,50,female,6,study1_35f300_extension_v1,study1_35f300_extension_v1_manifest.json
development,b29p06,296,29,1502029,6,10,35,50,female,6,study1_35f300_extension_v1,study1_35f300_extension_v1_manifest.json
development,b29p07,297,29,1502029,7,10,35,50,female,6,study1_35f300_extension_v1,study1_35f300_extension_v1_manifest.json
development,b29p08,298,29,1502029,8,10,35,50,female,6,study1_35f300_extension_v1,study1_35f300_extension_v1_manifest.json
development,b29p09,299,29,1502029,9,10,35,50,female,6,study1_35f300_extension_v1,study1_35f300_extension_v1_manifest.json
