dataset,emotion,raw_mrr,corrected_mrr,multivariate_mrr,multi_minus_raw_mrr,multi_minus_corrected_mrr,raw_top1,corrected_top1,multivariate_top1,raw_top5,corrected_top5,multivariate_top5
development_oof,normal,0.23769638703803678,0.23753403216492544,0.3628995870158721,0.12520319997783533,0.12536555485094666,0.11666666666666667,0.12,0.23666666666666666,0.3333333333333333,0.32666666666666666,0.47333333333333333
development_oof,happy,0.2285729933800639,0.2332688817484195,0.37804346743841005,0.14947047405834615,0.14477458568999055,0.13333333333333333,0.12,0.24333333333333335,0.29333333333333333,0.33,0.5266666666666666
development_oof,sad,0.22233567880064764,0.2811955272235898,0.39254026515397,0.17020458635332236,0.11134473793038019,0.13333333333333333,0.16,0.25666666666666665,0.2866666666666667,0.39,0.5333333333333333
development_oof,calm,0.21983960613120562,0.2501909899222386,0.36845025045908214,0.14861064432787652,0.11825926053684355,0.12333333333333334,0.13,0.23333333333333334,0.2866666666666667,0.35333333333333333,0.5
development_oof,angry,0.16124615246997356,0.20790403250103742,0.3057552008621777,0.14450904839220416,0.0978511683611403,0.07,0.10666666666666667,0.17666666666666667,0.21333333333333335,0.2833333333333333,0.4266666666666667
development_oof,surprise,0.25598063276127647,0.2789229638627712,0.41460698485896996,0.1586263520976935,0.13568402099619875,0.14666666666666667,0.17333333333333334,0.27666666666666667,0.3466666666666667,0.36666666666666664,0.5533333333333333
external,normal,0.2184053708311,0.2175995280613936,0.29126401032725463,0.07285863949615462,0.07366448226586103,0.12,0.11,0.17,0.32,0.32,0.39
external,happy,0.16182592758628647,0.21711761859488837,0.30686502098837665,0.14503909340209017,0.08974740239348827,0.08,0.12,0.18,0.22,0.33,0.41
external,sad,0.17078073123887239,0.20626436143791527,0.35590406987572926,0.18512333863685687,0.149639708437814,0.11,0.11,0.24,0.18,0.26,0.47
external,calm,0.1821096126947095,0.20085155291477874,0.25936469186136235,0.07725507916665286,0.05851313894658361,0.11,0.13,0.15,0.2,0.24,0.3
external,angry,0.08752013637971676,0.14747417412630276,0.20679499064901705,0.11927485426930029,0.05932081652271429,0.02,0.08,0.11,0.12,0.2,0.25
external,surprise,0.18734376286445686,0.20606492017563716,0.29329610824252955,0.10595234537807269,0.0872311880668924,0.1,0.12,0.16,0.24,0.27,0.45
