gamma,dim,loeo_mrr_mean,loeo_mrr_sd,loeo_top1_mean,loeo_top1_sd,loeo_top5_mean,loeo_top5_sd,loeo_margin_mean,loeo_margin_sd,loeo_gap_mean,loeo_gap_sd,pair_mrr_mean,pair_mrr_sd,pair_top1_mean,pair_top1_sd,pair_margin_mean,pair_margin_sd,pair_gap_mean,pair_gap_sd
0.1,224,0.3839990308796475,0.03141327878554036,0.25277777777777777,0.036641405439647,0.5177777777777777,0.037505143680155846,-0.08274320213025108,0.010744226213600902,0.16339739150363586,0.01641513230781829,0.23580512727967143,0.021267783260794332,0.12377777777777779,0.016279768554790044,-0.1309020860553135,0.007920688896440067,0.08913604395943234,0.011041647056417685
0.1,239,0.38310047120238,0.03224156056108406,0.24888888888888888,0.036778029539252424,0.5244444444444445,0.03271415671208287,-0.08064227338028143,0.01139168788962767,0.16171258514041545,0.016802432984153078,0.23602936071707234,0.02191402742954006,0.12433333333333334,0.01677465018678151,-0.12863466890510408,0.008251105726585132,0.08807089351425998,0.011234368637925951
0.1,160,0.37752847412154766,0.029897705723755632,0.24444444444444446,0.03584302194601094,0.5194444444444445,0.025458753860865786,-0.09253428750861378,0.009517375834943973,0.17837414276784536,0.016150786038135023,0.23270045362100258,0.020370335150031726,0.12,0.018142950880897697,-0.14504775233784617,0.007734825139485919,0.09859531875589113,0.01123981338906676
0.1,192,0.3773382429995696,0.023662353705630492,0.24277777777777781,0.026686913609945438,0.5122222222222221,0.026686913609945444,-0.0875032718745457,0.010124433226780775,0.1692647968728068,0.016232659945010865,0.23275168702710877,0.02046365703697102,0.11788888888888889,0.01838964416038763,-0.1369859756994651,0.007819174473755726,0.09279665939244094,0.011004099258683904
0.1,128,0.370382625964747,0.02496663002315858,0.23722222222222228,0.02843663087126606,0.5022222222222222,0.029357839090256303,-0.10153537374131545,0.00991694633755657,0.19003422858193336,0.01618114823792005,0.22976178136348174,0.01900536378669904,0.11544444444444443,0.018072214537006942,-0.15683504329784398,0.007623700473450514,0.10615314313374227,0.011375867054124187
0.1,96,0.3652446228191971,0.025136675818987833,0.22888888888888886,0.027400211768128208,0.5172222222222222,0.02961950058348072,-0.11486144070550201,0.01018053472021023,0.20868701504311366,0.018999582125591233,0.22889948215293368,0.01766632247222201,0.11444444444444443,0.012993350626140555,-0.1746213927618929,0.008842840682291197,0.11856277418246963,0.013573551398920889
0.1,64,0.3581153071722867,0.025358993852753385,0.22222222222222224,0.028531442478019624,0.5011111111111111,0.034616505732609736,-0.13884164565791224,0.011655013576374586,0.2400609890517722,0.020492045531238984,0.22696072901974929,0.018534682071255113,0.1117777777777778,0.013393383293603695,-0.20627769831479043,0.009912189481440146,0.14064682859636002,0.015273430802290365
1.0,160,0.35713042226495684,0.035230715987467305,0.2227777777777778,0.03734019447534775,0.4844444444444444,0.031340917127929656,-0.12250920923344652,0.01743506131045732,0.19334012114831722,0.020843588434477468,0.22098878825978557,0.02166955650533678,0.11277777777777778,0.016315750172876023,-0.18831898777551812,0.012976415525036282,0.11044153013882001,0.014818413037731232
1.0,192,0.35517708573322726,0.03437317255604083,0.22555555555555556,0.0375462677535627,0.47944444444444445,0.03405469456950426,-0.11992778494506237,0.01653700529821876,0.18753100943501402,0.019508940158873278,0.22002349281405134,0.021873863427484538,0.11244444444444443,0.01841144973872187,-0.18445209204349172,0.01233901870265651,0.106731285600662,0.013945391835417615
1.0,224,0.35516711514090116,0.03625474887130067,0.22722222222222221,0.03935239651039199,0.47444444444444445,0.03915582986409149,-0.11862603811817715,0.016895741456863043,0.18377461710597676,0.019757475716561314,0.21914849159511246,0.02230979463504394,0.11300000000000002,0.017884229897100562,-0.18184571345948347,0.012576380371288899,0.10434000560156971,0.014091263291206305
1.0,239,0.35390434390330794,0.037150999329925334,0.22777777777777777,0.041573970964154904,0.4716666666666667,0.03671503543727685,-0.11883378126861673,0.01716401489346091,0.1822906555515457,0.019782284116542273,0.2189071428683079,0.021057569098629943,0.11366666666666667,0.01585816765838606,-0.1813794852946045,0.012491574036843003,0.10342240377277537,0.014091558305917462
1.0,96,0.35242538644853605,0.03014438863259546,0.22055555555555556,0.03371311427433061,0.48277777777777775,0.03581071637662961,-0.13737523236797974,0.016518481935984167,0.21184542741121218,0.020865402549312517,0.22120671830236796,0.01907921612963148,0.11344444444444443,0.014473261852187128,-0.2082640357843757,0.012910087339901987,0.1230506106444009,0.01519065446870615
1.0,128,0.3523875694418868,0.03177729677048561,0.21777777777777776,0.03852007653544183,0.4822222222222222,0.030467043518213898,-0.12889202012970433,0.01707047601611563,0.19974276521205508,0.01991040966190086,0.22057448698910193,0.020157763555416704,0.11177777777777778,0.015522782937458627,-0.19602456323980508,0.012736874964041422,0.11484011739395768,0.014442194779037094
1.0,64,0.3490269138854903,0.03183748418479565,0.22111111111111112,0.033598482476019036,0.47111111111111115,0.03709139529511219,-0.15645649166649367,0.016851187620919576,0.23175906551059522,0.022150538529493675,0.22047632733574604,0.018813871301009696,0.11211111111111112,0.01487291846624944,-0.2342546793876496,0.0141884506157648,0.1370413872591314,0.016775755530751224
1.0,32,0.33996416616033176,0.03525456570377081,0.20888888888888885,0.03482761781923884,0.46944444444444444,0.04930066485916346,-0.1961508436060156,0.026377759187271334,0.284402466390548,0.030297048220402353,0.22380555759552054,0.023530641615294084,0.11322222222222225,0.019246612656917902,-0.29197593593533105,0.02079827981317014,0.17512875520115914,0.023440049249005446
0.1,32,0.3301720236163056,0.031342878294972745,0.18722222222222223,0.034616505732609736,0.48,0.019384829247075422,-0.1842142141269977,0.01904866953154395,0.3081038152231686,0.026852277803554862,0.22318329787273156,0.018383802984989355,0.10600000000000001,0.015857194495999306,-0.2718670888541127,0.016654857900086837,0.1918380766590449,0.021865794566958346
0.01,239,0.3252125853098965,0.017792528255276677,0.2,0.01607755125387531,0.4416666666666667,0.026931554763424067,-0.08739633591571686,0.006547570474751757,0.11506021523802845,0.008795796257495318,0.19792573076945902,0.01257557038475544,0.099,0.007791654287967987,-0.12748297808300782,0.004121856879872945,0.05938367607670279,0.005558136725373777
0.01,224,0.32124905525966363,0.02130973846911461,0.19722222222222224,0.025458753860865782,0.44333333333333325,0.029305226433117632,-0.09050245150153226,0.006453722953687074,0.11610337227271014,0.008830242054369122,0.1955325612874353,0.013695806269607654,0.09788888888888889,0.00869049431033843,-0.13090305755451337,0.00416380211114594,0.05998635369727519,0.0056239214902498395
1.0,16,0.3199539384890837,0.03273865895517685,0.18277777777777776,0.02828699915133549,0.45111111111111113,0.04986865464446966,-0.24633431526554647,0.029976401140665472,0.36120244960897707,0.03547790149789246,0.22213854919971965,0.018647798594519333,0.10888888888888888,0.011297055226479306,-0.36706781345801043,0.025678933880321646,0.23639359620979322,0.029806809487254844
0.1,16,0.31513305709433653,0.01818600781532993,0.17111111111111113,0.015035965114138175,0.4666666666666667,0.02365192550823111,-0.22892990094437288,0.019918933486673805,0.4009254744939841,0.028602522773374946,0.22503042355585326,0.014836381992991032,0.10522222222222222,0.013278823761682629,-0.34627816534328776,0.018910249184094192,0.26710665058200844,0.024732769125482498
0.01,192,0.31014018343470573,0.01835016769343649,0.1838888888888889,0.020637972912229678,0.43388888888888894,0.029488960060200475,-0.09732435472425824,0.006262519593011583,0.12042974893594642,0.009453583593286227,0.19355025321692818,0.011489116666374453,0.09466666666666668,0.0050399637466852125,-0.13866251119854076,0.004113063577511746,0.06252097298619648,0.006026603343603666
0.01,160,0.3080208667249985,0.015620531619165604,0.17777777777777776,0.017786456215091246,0.4288888888888889,0.02661453237111885,-0.10348617975891188,0.0058100137186479,0.1280736809960576,0.009901203114763299,0.1912825636159369,0.011413478900948994,0.09166666666666665,0.006514466333088098,-0.14780281458209987,0.0038603273320026057,0.066890468347946,0.0062555102084275605
0.01,128,0.2902431039715724,0.01342958508270044,0.15777777777777777,0.01793764921218104,0.41611111111111115,0.034938217074511384,-0.11565399511362344,0.006747848423269049,0.1372206252434439,0.010188318413257224,0.18744017229360116,0.012826688226175876,0.08700000000000001,0.011273808825419155,-0.16153739789701657,0.004050869433957773,0.07235828055025059,0.00639162191690574
1.0,8,0.2853337246982336,0.026764390216165668,0.15166666666666667,0.026249632566505445,0.40444444444444444,0.040568871482126935,-0.3165134145544325,0.03692766469661826,0.43993613877660476,0.046164827213113394,0.21037288495099277,0.016128344625858805,0.09744444444444443,0.012086366158344714,-0.46038414379835774,0.032937050237580166,0.30698396641548154,0.03809233628702991
0.01,96,0.2846186194104972,0.009378752653474836,0.14833333333333334,0.018383769008638112,0.4144444444444444,0.01918477405536889,-0.133428138293654,0.005381392879380617,0.1512938762769261,0.01036249604022724,0.1838880405181769,0.011017162617659929,0.08122222222222222,0.00967368838207952,-0.1834120419653837,0.004784585609268327,0.08101190433785459,0.0069133017937078635
10.0,64,0.28447827493131633,0.033655953101886286,0.16944444444444445,0.033275412640863714,0.38388888888888884,0.05020790110464022,-0.23276216207108588,0.022888969400524744,0.2174307852179181,0.026008058553154932,0.18903641606360613,0.02266738638458289,0.09022222222222223,0.018356887226378422,-0.3185555402115053,0.023436244052162238,0.12958201528703508,0.02079988377667825
10.0,96,0.28396581761850004,0.03219917757942196,0.1683333333333333,0.033310177142047266,0.3805555555555556,0.03530073618649676,-0.2251625110516878,0.021964734396670973,0.21006143125120053,0.024696455012939152,0.18758116034086422,0.021393802991933483,0.08955555555555555,0.01598803565015469,-0.3074298071456241,0.02190962169251336,0.12401703136838423,0.019842539190800774
10.0,128,0.281788667523106,0.03375776303110572,0.1661111111111111,0.03805656932956257,0.38166666666666665,0.036725541957863136,-0.2241517441417408,0.021851788981290615,0.20598566171652397,0.02427235251816999,0.18738433929580456,0.02074258902882591,0.09055555555555554,0.015416041028346232,-0.3045464752616797,0.021820433205048843,0.12112493965261435,0.019486229566174896
10.0,160,0.28009728460520317,0.033499760455784365,0.16333333333333333,0.034772186273969094,0.3716666666666667,0.03764888141239974,-0.22361766883644235,0.022191417624156096,0.20374206059949707,0.02437650486380304,0.1867773206586594,0.0212830499345803,0.09011111111111111,0.0156810414746086,-0.30285288944965166,0.022135657008023935,0.11950609557794586,0.01940746680609766
0.1,8,0.2794545923261228,0.002568823538111805,0.13555555555555557,0.014081990950707302,0.4238888888888888,0.029827177101213593,-0.28840339632337164,0.024768353797451716,0.49752735802984105,0.03334752183913921,0.21562057666215434,0.00416985456929456,0.09411111111111112,0.006193883880963878,-0.42239495176821906,0.02288684808689879,0.3608502829576321,0.028193607131353434
10.0,32,0.2778114107559665,0.03231844861887427,0.16333333333333333,0.03247743756236449,0.37333333333333335,0.03906705220388703,-0.26344551559670637,0.023153448484474298,0.24083484382421064,0.027063200271432563,0.18734897212462287,0.022259749914115855,0.09033333333333333,0.017434179570141827,-0.35973047484956877,0.024433697085770402,0.14607014288547276,0.022764903898429542
10.0,192,0.2776230168390382,0.034220648380073326,0.16111111111111112,0.03605765273818658,0.3705555555555556,0.035982677588247296,-0.22428864348985994,0.02232624008366915,0.20190882208654126,0.024083817142699467,0.18555215152132587,0.020438516335312334,0.089,0.014684963334926929,-0.302695878168117,0.0222653449152385,0.11827738440566385,0.019240483738877986
10.0,224,0.27623055874168656,0.03380239696132723,0.15944444444444444,0.035224149964771904,0.37333333333333335,0.037607869546836224,-0.22520391339220858,0.022285104114836286,0.2007912586670883,0.024073377632596153,0.18545864907288634,0.020893486011080726,0.089,0.015327696226274131,-0.3028514710786245,0.02231197816922544,0.11755315134387874,0.019216774011848077
10.0,239,0.27529109567658117,0.03293109234659343,0.1577777777777778,0.03370166864022911,0.37277777777777776,0.040368671387966557,-0.22556998045205606,0.022069965032864753,0.20031875486315115,0.024063342898125038,0.18519294531188418,0.02110618757017294,0.08877777777777777,0.015160662222091281,-0.3029639863036993,0.022090771311819468,0.11726036767321238,0.019226187322842595
0.01,64,0.2702624815254141,0.009555858986697141,0.13944444444444443,0.011006451531199418,0.38722222222222225,0.013833221775543032,-0.16475518621163415,0.008866371766184732,0.1722041185493631,0.013907792096847308,0.18087418627919152,0.009226738638583396,0.08,0.008722399148948656,-0.22075622998928274,0.00626004331861344,0.09434378055941608,0.008951190183157254
10.0,16,0.26046655819527004,0.03577767840966468,0.14611111111111114,0.03272594772227365,0.35388888888888886,0.058617034982362044,-0.32821430538190677,0.03767392954365168,0.2773117637584708,0.035157964424950984,0.18044068432550303,0.02015524487770724,0.08366666666666667,0.013457752825457567,-0.44096852448748597,0.03652939975046381,0.17376649470614752,0.029542380737940833
0.01,32,0.2566010874138108,0.0181849889570414,0.1338888888888889,0.02335647001064212,0.36777777777777776,0.01673596703488008,-0.2265487379748326,0.012337894278990265,0.2245903649457603,0.016253997280355478,0.17462444987494172,0.012256533677780922,0.06977777777777777,0.00815172480423319,-0.3005519418820792,0.009244238738759623,0.12999752070697626,0.011716069496102516
100.0,192,0.2522053203102702,0.03212530542751106,0.14111111111111113,0.034437723358599896,0.3405555555555556,0.032010800646417634,-0.2739635655615858,0.02482578438614773,0.20221845447436232,0.025555240413716446,0.1738959474214948,0.019666028548333485,0.08166666666666665,0.01363659745403731,-0.35565385581844877,0.025555788076800513,0.11901388815672247,0.02120112524199225
100.0,160,0.2520926085990043,0.03233484887182853,0.14055555555555557,0.034949257750114676,0.34222222222222226,0.03510346259872027,-0.2759982664534616,0.025096849722755374,0.20344150688757945,0.02572918940318626,0.1741754175572245,0.019675298636658903,0.08188888888888887,0.013623010671400298,-0.35847973005146516,0.02571677663897219,0.119873296778223,0.021365897611385076
100.0,128,0.251951395929345,0.031508138709654084,0.14055555555555554,0.03433674920080543,0.3427777777777778,0.03388433484883758,-0.2791388615362257,0.025148329788253817,0.20503611446966233,0.02576067875895537,0.17390633812648695,0.019491047741412682,0.0817777777777778,0.013513824654409402,-0.3625893487249365,0.025894822615895968,0.12103774040787876,0.021512226425758094
100.0,239,0.25182132772639987,0.03223451781321856,0.14055555555555557,0.034949257750114676,0.3416666666666667,0.03321739095305946,-0.27206487535405666,0.02470926414774295,0.200905815651144,0.025503618247458615,0.17388294422283757,0.019797477626595127,0.08144444444444444,0.01379188346030795,-0.3529007306987948,0.02537581464443424,0.11810535104096238,0.021093518387193203
1000.0,192,0.2517659982903421,0.03166115679560506,0.14055555555555557,0.033310177142047266,0.34111111111111114,0.03318252924226213,-0.2753278083810494,0.02498683871919628,0.20179875711602052,0.025585897774743634,0.17346133377831793,0.01947481811506389,0.0811111111111111,0.013187863856076914,-0.35702558858333866,0.025605395200193778,0.11873798370942897,0.021226836385594614
1000.0,239,0.25175080873219885,0.03217537639456622,0.14055555555555557,0.034949257750114676,0.34111111111111114,0.033471934069760165,-0.27325004549668586,0.024886864948735706,0.20056250496761935,0.025539773151072663,0.17352360104607728,0.019382134675971868,0.081,0.013013525727175242,-0.3541099697402541,0.02545895151572672,0.11787522628897931,0.02112313253226682
100.0,224,0.25170129282170967,0.03252530436278781,0.14055555555555557,0.034949257750114676,0.34111111111111114,0.03259601202601326,-0.27258224468073766,0.024743328263103093,0.20126323035378535,0.025508153252957074,0.17398947999446723,0.019640922613328192,0.08177777777777778,0.013610544205881224,-0.35364037208920257,0.02544150852085506,0.1183514051218757,0.021117429631170283
1000.0,224,0.2516835190996824,0.03229984406440708,0.14055555555555557,0.034949257750114676,0.3405555555555556,0.03284362500857213,-0.2738124842371571,0.024918280226786285,0.20089392208194226,0.02554751881982834,0.1734666956995588,0.019527748347569505,0.0811111111111111,0.013187863856076914,-0.35489338067686277,0.02551238495613536,0.11810551418233599,0.02115003932569476
1000.0,128,0.2515369624209892,0.031440459044890456,0.13999999999999999,0.03450487530412313,0.34222222222222226,0.032477437562364486,-0.2808872189001583,0.02533740716609291,0.20443134411014618,0.02578563623914595,0.1735777923987824,0.019352268739335335,0.08155555555555556,0.0130726837997557,-0.36428043379877595,0.025968217905329143,0.12063435016061837,0.021530607146627266
1000.0,160,0.25130677291259595,0.032230224940241664,0.14,0.03511445131791219,0.3416666666666667,0.03191423692521125,-0.27753771646932957,0.025255963163713455,0.20294516589104764,0.025733425736944805,0.17369038383886665,0.019498856268235578,0.08166666666666667,0.013240416986458874,-0.3599909719433501,0.02576602690831137,0.11954625644701548,0.021377203668567487
100.0,96,0.25082791147333344,0.030498704631201228,0.1388888888888889,0.031242282997783314,0.3388888888888889,0.03379312516832346,-0.2838676412692323,0.0252643546064655,0.2075456825252509,0.025899818435538898,0.17348860684952752,0.019929709368743397,0.0811111111111111,0.013738070020975823,-0.3688859465019547,0.026160368335342167,0.12284788914563234,0.021784955772279565
1000.0,96,0.25079870293472056,0.030567537520453845,0.13944444444444445,0.031998746117409355,0.33722222222222226,0.030467043518213933,-0.28600432800663145,0.025524848220529247,0.2067201594194062,0.02595612028895888,0.1724870477552843,0.0193266276831191,0.0801111111111111,0.012542520273645759,-0.3709522563444323,0.02625840017016381,0.12229578186424624,0.021816306309208243
100.0,64,0.25042388051279624,0.03084192068475261,0.14,0.03348345823400926,0.34,0.02897423291201177,-0.2941678784674919,0.025642616949308576,0.21197580136402813,0.026338826391321932,0.17209013438862147,0.019589751479080073,0.07955555555555556,0.014117015387708202,-0.3817199533970871,0.026908359454157,0.1261895447479081,0.022404631114279084
1000.0,64,0.2485720274943005,0.030590944117135935,0.13777777777777778,0.031950482521134686,0.3383333333333334,0.029357839090256327,-0.2967429234841498,0.025807203623769016,0.21087214994566666,0.026381718031018273,0.1712962293929124,0.019580810272565242,0.07977777777777777,0.013331018317544834,-0.3842286232875302,0.026906252172120285,0.12540972542421813,0.022444787234791604
100.0,32,0.2449234012861925,0.028018513125774018,0.13555555555555557,0.02495366075719523,0.32944444444444454,0.03201080064641763,-0.32577231617674385,0.025035126834325433,0.2272150384206907,0.027084305591828447,0.16818338081459677,0.019647512162312968,0.07500000000000001,0.013971973711065878,-0.4211817074406216,0.027794050985354785,0.13744614315807707,0.024161703369563883
0.01,16,0.2430120801514713,0.015789288350221614,0.11833333333333333,0.01910416540449933,0.35277777777777775,0.020879578303295714,-0.295656410704515,0.01869308845506075,0.29805019353943607,0.022870353254150343,0.1709756311583333,0.012902630061253993,0.06766666666666667,0.01152961832696261,-0.39754526108587845,0.011138009838007206,0.18309155861498064,0.015823890003697064
1000.0,32,0.24141303553324253,0.02981877595671791,0.13388888888888886,0.028558473694388607,0.3283333333333333,0.0273861278752583,-0.330872429775881,0.025733506734968346,0.22423675860559134,0.02695450407508693,0.16695585370892002,0.019698293578854272,0.07477777777777778,0.014313509115862417,-0.42551436003531684,0.027924857231610412,0.13537805453563995,0.02407500168871209
10.0,8,0.22768829561194717,0.038852343869144136,0.11388888888888889,0.0355729124301825,0.3144444444444444,0.05694105680980362,-0.43621313865060085,0.04653626266510255,0.3139198365145968,0.05018316998022494,0.162648413508732,0.02040657367394525,0.06566666666666668,0.013254395963063687,-0.5623614124581646,0.04285749953621257,0.20458401081517863,0.044223137271268594
100.0,16,0.2250467228232611,0.02911170367366278,0.11333333333333333,0.028960914486618593,0.31055555555555553,0.03398665315373953,-0.3890142788755176,0.0301924928850119,0.24946597541420723,0.0314637651832753,0.1634065315589564,0.019579062449224874,0.07222222222222223,0.013653561919382785,-0.49383056208207227,0.032641667491553644,0.15420966129868813,0.02858235158715359
1000.0,16,0.2204350803528469,0.028714909745878228,0.11222222222222222,0.02884077189426091,0.30277777777777776,0.03637722459363554,-0.3997000741291509,0.03054513563729895,0.2417393151412149,0.030888062167549947,0.15903632961155262,0.018386047197634717,0.06866666666666667,0.012288959212175718,-0.5017000333799533,0.030979023675625137,0.14881958953079336,0.027860091071712452
0.01,8,0.2126349611475194,0.013583816563910082,0.08722222222222223,0.013833221775543037,0.31722222222222224,0.039839570254016174,-0.37954999204288076,0.022943577525506846,0.3813905399589868,0.028247409139647305,0.16467090580357918,0.011850264686644034,0.06144444444444445,0.009065944960382861,-0.5052096968056017,0.014684377417391582,0.25297216049375165,0.021586883649307553
100.0,8,0.1996315394251321,0.02989795923387652,0.09722222222222221,0.02500000000000001,0.2638888888888889,0.039136118898903796,-0.49641329044067095,0.0425059542741178,0.26830166791412385,0.04266496009168461,0.15125541037438137,0.01948656145571898,0.06122222222222222,0.01311981820108913,-0.6044246928377414,0.0394778399110708,0.17277342805798182,0.03683043092496946
1000.0,8,0.1935327070765394,0.028598709055593502,0.09444444444444444,0.02714558373012787,0.25055555555555553,0.0406068929257881,-0.511351510213402,0.039238143240227584,0.2545192856558487,0.03893081632588938,0.14673236461253703,0.018767836647194707,0.05822222222222222,0.013248573181970376,-0.6153463596873524,0.0354776029134535,0.1625548690508322,0.033830303331138914
