analysis,component,ss,percent_total_ss
primary,Candidate,2874.614488378279,23.516944538009323
primary,Emotion,1786.605888448303,14.616050868658485
primary,Candidate x Emotion + unseparated,7562.367954268795,61.867004593332204
secondary,Batch seed,273.93843735354653,2.241063998013409
secondary,Position,76.64215468726104,0.6270020930948107
secondary,Emotion,1786.605888448303,14.616050868658485
secondary,Batch x Position,2524.033896337471,20.6488784469011
secondary,Batch x Emotion,747.1470770831197,6.112338348162995
secondary,Position x Emotion,221.7070216770375,1.8137638119981578
secondary,Batch x Position x Emotion + unseparated,6593.513855508638,53.94090243317105
