dataset,candidate_id,batch,position,true_emotion,predicted_emotion,correct
development,b00p00,0,0,normal,normal,1
development,b00p00,0,0,happy,happy,1
development,b00p00,0,0,sad,calm,0
development,b00p00,0,0,calm,sad,0
development,b00p00,0,0,angry,angry,1
development,b00p00,0,0,surprise,surprise,1
development,b00p01,0,1,normal,surprise,0
development,b00p01,0,1,happy,happy,1
development,b00p01,0,1,sad,sad,1
development,b00p01,0,1,calm,sad,0
development,b00p01,0,1,angry,angry,1
development,b00p01,0,1,surprise,surprise,1
development,b00p02,0,2,normal,normal,1
development,b00p02,0,2,happy,normal,0
development,b00p02,0,2,sad,sad,1
development,b00p02,0,2,calm,normal,0
development,b00p02,0,2,angry,happy,0
development,b00p02,0,2,surprise,surprise,1
development,b00p03,0,3,normal,sad,0
development,b00p03,0,3,happy,sad,0
development,b00p03,0,3,sad,sad,1
development,b00p03,0,3,calm,calm,1
development,b00p03,0,3,angry,angry,1
development,b00p03,0,3,surprise,angry,0
development,b00p04,0,4,normal,angry,0
development,b00p04,0,4,happy,surprise,0
development,b00p04,0,4,sad,calm,0
development,b00p04,0,4,calm,angry,0
development,b00p04,0,4,angry,sad,0
development,b00p04,0,4,surprise,surprise,1
development,b00p05,0,5,normal,happy,0
development,b00p05,0,5,happy,happy,1
development,b00p05,0,5,sad,sad,1
development,b00p05,0,5,calm,sad,0
development,b00p05,0,5,angry,angry,1
development,b00p05,0,5,surprise,surprise,1
development,b00p06,0,6,normal,normal,1
development,b00p06,0,6,happy,normal,0
development,b00p06,0,6,sad,sad,1
development,b00p06,0,6,calm,calm,1
development,b00p06,0,6,angry,angry,1
development,b00p06,0,6,surprise,normal,0
development,b00p07,0,7,normal,normal,1
development,b00p07,0,7,happy,happy,1
development,b00p07,0,7,sad,sad,1
development,b00p07,0,7,calm,sad,0
development,b00p07,0,7,angry,angry,1
development,b00p07,0,7,surprise,surprise,1
development,b00p08,0,8,normal,normal,1
development,b00p08,0,8,happy,surprise,0
development,b00p08,0,8,sad,calm,0
development,b00p08,0,8,calm,sad,0
development,b00p08,0,8,angry,normal,0
development,b00p08,0,8,surprise,calm,0
development,b00p09,0,9,normal,happy,0
development,b00p09,0,9,happy,happy,1
development,b00p09,0,9,sad,sad,1
development,b00p09,0,9,calm,calm,1
development,b00p09,0,9,angry,happy,0
development,b00p09,0,9,surprise,angry,0
development,b01p00,1,0,normal,normal,1
development,b01p00,1,0,happy,happy,1
development,b01p00,1,0,sad,sad,1
development,b01p00,1,0,calm,calm,1
development,b01p00,1,0,angry,angry,1
development,b01p00,1,0,surprise,happy,0
development,b01p01,1,1,normal,calm,0
development,b01p01,1,1,happy,happy,1
development,b01p01,1,1,sad,calm,0
development,b01p01,1,1,calm,happy,0
development,b01p01,1,1,angry,angry,1
development,b01p01,1,1,surprise,happy,0
development,b01p02,1,2,normal,normal,1
development,b01p02,1,2,happy,angry,0
development,b01p02,1,2,sad,sad,1
development,b01p02,1,2,calm,normal,0
development,b01p02,1,2,angry,angry,1
development,b01p02,1,2,surprise,surprise,1
development,b01p03,1,3,normal,surprise,0
development,b01p03,1,3,happy,sad,0
development,b01p03,1,3,sad,sad,1
development,b01p03,1,3,calm,calm,1
development,b01p03,1,3,angry,sad,0
development,b01p03,1,3,surprise,surprise,1
development,b01p04,1,4,normal,surprise,0
development,b01p04,1,4,happy,surprise,0
development,b01p04,1,4,sad,calm,0
development,b01p04,1,4,calm,normal,0
development,b01p04,1,4,angry,surprise,0
development,b01p04,1,4,surprise,happy,0
development,b01p05,1,5,normal,normal,1
development,b01p05,1,5,happy,happy,1
development,b01p05,1,5,sad,surprise,0
development,b01p05,1,5,calm,happy,0
development,b01p05,1,5,angry,angry,1
development,b01p05,1,5,surprise,angry,0
development,b01p06,1,6,normal,normal,1
development,b01p06,1,6,happy,happy,1
development,b01p06,1,6,sad,sad,1
development,b01p06,1,6,calm,calm,1
development,b01p06,1,6,angry,angry,1
development,b01p06,1,6,surprise,happy,0
development,b01p07,1,7,normal,normal,1
development,b01p07,1,7,happy,calm,0
development,b01p07,1,7,sad,calm,0
development,b01p07,1,7,calm,sad,0
development,b01p07,1,7,angry,angry,1
development,b01p07,1,7,surprise,angry,0
development,b01p08,1,8,normal,surprise,0
development,b01p08,1,8,happy,happy,1
development,b01p08,1,8,sad,sad,1
development,b01p08,1,8,calm,happy,0
development,b01p08,1,8,angry,angry,1
development,b01p08,1,8,surprise,happy,0
development,b01p09,1,9,normal,happy,0
development,b01p09,1,9,happy,happy,1
development,b01p09,1,9,sad,calm,0
development,b01p09,1,9,calm,happy,0
development,b01p09,1,9,angry,surprise,0
development,b01p09,1,9,surprise,surprise,1
development,b02p00,2,0,normal,normal,1
development,b02p00,2,0,happy,happy,1
development,b02p00,2,0,sad,calm,0
development,b02p00,2,0,calm,normal,0
development,b02p00,2,0,angry,angry,1
development,b02p00,2,0,surprise,surprise,1
development,b02p01,2,1,normal,calm,0
development,b02p01,2,1,happy,calm,0
development,b02p01,2,1,sad,sad,1
development,b02p01,2,1,calm,calm,1
development,b02p01,2,1,angry,sad,0
development,b02p01,2,1,surprise,calm,0
development,b02p02,2,2,normal,surprise,0
development,b02p02,2,2,happy,happy,1
development,b02p02,2,2,sad,sad,1
development,b02p02,2,2,calm,sad,0
development,b02p02,2,2,angry,angry,1
development,b02p02,2,2,surprise,angry,0
development,b02p03,2,3,normal,normal,1
development,b02p03,2,3,happy,happy,1
development,b02p03,2,3,sad,calm,0
development,b02p03,2,3,calm,normal,0
development,b02p03,2,3,angry,angry,1
development,b02p03,2,3,surprise,surprise,1
development,b02p04,2,4,normal,calm,0
development,b02p04,2,4,happy,sad,0
development,b02p04,2,4,sad,sad,1
development,b02p04,2,4,calm,sad,0
development,b02p04,2,4,angry,angry,1
development,b02p04,2,4,surprise,surprise,1
development,b02p05,2,5,normal,sad,0
development,b02p05,2,5,happy,happy,1
development,b02p05,2,5,sad,sad,1
development,b02p05,2,5,calm,calm,1
development,b02p05,2,5,angry,angry,1
development,b02p05,2,5,surprise,happy,0
development,b02p06,2,6,normal,normal,1
development,b02p06,2,6,happy,happy,1
development,b02p06,2,6,sad,sad,1
development,b02p06,2,6,calm,surprise,0
development,b02p06,2,6,angry,normal,0
development,b02p06,2,6,surprise,surprise,1
development,b02p07,2,7,normal,surprise,0
development,b02p07,2,7,happy,normal,0
development,b02p07,2,7,sad,sad,1
development,b02p07,2,7,calm,calm,1
development,b02p07,2,7,angry,angry,1
development,b02p07,2,7,surprise,surprise,1
development,b02p08,2,8,normal,angry,0
development,b02p08,2,8,happy,happy,1
development,b02p08,2,8,sad,sad,1
development,b02p08,2,8,calm,normal,0
development,b02p08,2,8,angry,angry,1
development,b02p08,2,8,surprise,sad,0
development,b02p09,2,9,normal,normal,1
development,b02p09,2,9,happy,happy,1
development,b02p09,2,9,sad,sad,1
development,b02p09,2,9,calm,sad,0
development,b02p09,2,9,angry,angry,1
development,b02p09,2,9,surprise,normal,0
development,b03p00,3,0,normal,surprise,0
development,b03p00,3,0,happy,happy,1
development,b03p00,3,0,sad,sad,1
development,b03p00,3,0,calm,happy,0
development,b03p00,3,0,angry,surprise,0
development,b03p00,3,0,surprise,calm,0
development,b03p01,3,1,normal,calm,0
development,b03p01,3,1,happy,happy,1
development,b03p01,3,1,sad,sad,1
development,b03p01,3,1,calm,normal,0
development,b03p01,3,1,angry,surprise,0
development,b03p01,3,1,surprise,angry,0
development,b03p02,3,2,normal,normal,1
development,b03p02,3,2,happy,happy,1
development,b03p02,3,2,sad,surprise,0
development,b03p02,3,2,calm,calm,1
development,b03p02,3,2,angry,angry,1
development,b03p02,3,2,surprise,surprise,1
development,b03p03,3,3,normal,surprise,0
development,b03p03,3,3,happy,surprise,0
development,b03p03,3,3,sad,sad,1
development,b03p03,3,3,calm,calm,1
development,b03p03,3,3,angry,angry,1
development,b03p03,3,3,surprise,angry,0
development,b03p04,3,4,normal,calm,0
development,b03p04,3,4,happy,normal,0
development,b03p04,3,4,sad,normal,0
development,b03p04,3,4,calm,calm,1
development,b03p04,3,4,angry,normal,0
development,b03p04,3,4,surprise,surprise,1
development,b03p05,3,5,normal,normal,1
development,b03p05,3,5,happy,calm,0
development,b03p05,3,5,sad,calm,0
development,b03p05,3,5,calm,happy,0
development,b03p05,3,5,angry,angry,1
development,b03p05,3,5,surprise,angry,0
development,b03p06,3,6,normal,surprise,0
development,b03p06,3,6,happy,normal,0
development,b03p06,3,6,sad,calm,0
development,b03p06,3,6,calm,normal,0
development,b03p06,3,6,angry,angry,1
development,b03p06,3,6,surprise,surprise,1
development,b03p07,3,7,normal,sad,0
development,b03p07,3,7,happy,happy,1
development,b03p07,3,7,sad,surprise,0
development,b03p07,3,7,calm,sad,0
development,b03p07,3,7,angry,angry,1
development,b03p07,3,7,surprise,surprise,1
development,b03p08,3,8,normal,normal,1
development,b03p08,3,8,happy,normal,0
development,b03p08,3,8,sad,calm,0
development,b03p08,3,8,calm,normal,0
development,b03p08,3,8,angry,angry,1
development,b03p08,3,8,surprise,normal,0
development,b03p09,3,9,normal,normal,1
development,b03p09,3,9,happy,sad,0
development,b03p09,3,9,sad,sad,1
development,b03p09,3,9,calm,sad,0
development,b03p09,3,9,angry,angry,1
development,b03p09,3,9,surprise,angry,0
development,b04p00,4,0,normal,calm,0
development,b04p00,4,0,happy,calm,0
development,b04p00,4,0,sad,calm,0
development,b04p00,4,0,calm,calm,1
development,b04p00,4,0,angry,angry,1
development,b04p00,4,0,surprise,happy,0
development,b04p01,4,1,normal,happy,0
development,b04p01,4,1,happy,surprise,0
development,b04p01,4,1,sad,sad,1
development,b04p01,4,1,calm,sad,0
development,b04p01,4,1,angry,surprise,0
development,b04p01,4,1,surprise,happy,0
development,b04p02,4,2,normal,calm,0
development,b04p02,4,2,happy,happy,1
development,b04p02,4,2,sad,calm,0
development,b04p02,4,2,calm,calm,1
development,b04p02,4,2,angry,angry,1
development,b04p02,4,2,surprise,surprise,1
development,b04p03,4,3,normal,sad,0
development,b04p03,4,3,happy,happy,1
development,b04p03,4,3,sad,sad,1
development,b04p03,4,3,calm,sad,0
development,b04p03,4,3,angry,surprise,0
development,b04p03,4,3,surprise,surprise,1
development,b04p04,4,4,normal,sad,0
development,b04p04,4,4,happy,surprise,0
development,b04p04,4,4,sad,sad,1
development,b04p04,4,4,calm,happy,0
development,b04p04,4,4,angry,angry,1
development,b04p04,4,4,surprise,happy,0
development,b04p05,4,5,normal,calm,0
development,b04p05,4,5,happy,surprise,0
development,b04p05,4,5,sad,sad,1
development,b04p05,4,5,calm,calm,1
development,b04p05,4,5,angry,angry,1
development,b04p05,4,5,surprise,angry,0
development,b04p06,4,6,normal,calm,0
development,b04p06,4,6,happy,happy,1
development,b04p06,4,6,sad,sad,1
development,b04p06,4,6,calm,calm,1
development,b04p06,4,6,angry,angry,1
development,b04p06,4,6,surprise,sad,0
development,b04p07,4,7,normal,angry,0
development,b04p07,4,7,happy,happy,1
development,b04p07,4,7,sad,sad,1
development,b04p07,4,7,calm,sad,0
development,b04p07,4,7,angry,surprise,0
development,b04p07,4,7,surprise,angry,0
development,b04p08,4,8,normal,surprise,0
development,b04p08,4,8,happy,happy,1
development,b04p08,4,8,sad,calm,0
development,b04p08,4,8,calm,calm,1
development,b04p08,4,8,angry,surprise,0
development,b04p08,4,8,surprise,angry,0
development,b04p09,4,9,normal,normal,1
development,b04p09,4,9,happy,happy,1
development,b04p09,4,9,sad,sad,1
development,b04p09,4,9,calm,calm,1
development,b04p09,4,9,angry,angry,1
development,b04p09,4,9,surprise,normal,0
development,b05p00,5,0,normal,normal,1
development,b05p00,5,0,happy,normal,0
development,b05p00,5,0,sad,sad,1
development,b05p00,5,0,calm,angry,0
development,b05p00,5,0,angry,angry,1
development,b05p00,5,0,surprise,angry,0
development,b05p01,5,1,normal,normal,1
development,b05p01,5,1,happy,happy,1
development,b05p01,5,1,sad,angry,0
development,b05p01,5,1,calm,sad,0
development,b05p01,5,1,angry,angry,1
development,b05p01,5,1,surprise,surprise,1
development,b05p02,5,2,normal,happy,0
development,b05p02,5,2,happy,happy,1
development,b05p02,5,2,sad,sad,1
development,b05p02,5,2,calm,angry,0
development,b05p02,5,2,angry,angry,1
development,b05p02,5,2,surprise,angry,0
development,b05p03,5,3,normal,surprise,0
development,b05p03,5,3,happy,angry,0
development,b05p03,5,3,sad,surprise,0
development,b05p03,5,3,calm,angry,0
development,b05p03,5,3,angry,sad,0
development,b05p03,5,3,surprise,normal,0
development,b05p04,5,4,normal,angry,0
development,b05p04,5,4,happy,happy,1
development,b05p04,5,4,sad,sad,1
development,b05p04,5,4,calm,normal,0
development,b05p04,5,4,angry,angry,1
development,b05p04,5,4,surprise,angry,0
development,b05p05,5,5,normal,happy,0
development,b05p05,5,5,happy,happy,1
development,b05p05,5,5,sad,happy,0
development,b05p05,5,5,calm,happy,0
development,b05p05,5,5,angry,angry,1
development,b05p05,5,5,surprise,angry,0
development,b05p06,5,6,normal,angry,0
development,b05p06,5,6,happy,happy,1
development,b05p06,5,6,sad,sad,1
development,b05p06,5,6,calm,calm,1
development,b05p06,5,6,angry,angry,1
development,b05p06,5,6,surprise,happy,0
development,b05p07,5,7,normal,angry,0
development,b05p07,5,7,happy,sad,0
development,b05p07,5,7,sad,sad,1
development,b05p07,5,7,calm,sad,0
development,b05p07,5,7,angry,surprise,0
development,b05p07,5,7,surprise,surprise,1
development,b05p08,5,8,normal,normal,1
development,b05p08,5,8,happy,normal,0
development,b05p08,5,8,sad,sad,1
development,b05p08,5,8,calm,happy,0
development,b05p08,5,8,angry,sad,0
development,b05p08,5,8,surprise,surprise,1
development,b05p09,5,9,normal,happy,0
development,b05p09,5,9,happy,calm,0
development,b05p09,5,9,sad,surprise,0
development,b05p09,5,9,calm,normal,0
development,b05p09,5,9,angry,angry,1
development,b05p09,5,9,surprise,sad,0
development,b06p00,6,0,normal,surprise,0
development,b06p00,6,0,happy,surprise,0
development,b06p00,6,0,sad,calm,0
development,b06p00,6,0,calm,calm,1
development,b06p00,6,0,angry,angry,1
development,b06p00,6,0,surprise,surprise,1
development,b06p01,6,1,normal,normal,1
development,b06p01,6,1,happy,surprise,0
development,b06p01,6,1,sad,angry,0
development,b06p01,6,1,calm,calm,1
development,b06p01,6,1,angry,surprise,0
development,b06p01,6,1,surprise,surprise,1
development,b06p02,6,2,normal,calm,0
development,b06p02,6,2,happy,calm,0
development,b06p02,6,2,sad,sad,1
development,b06p02,6,2,calm,calm,1
development,b06p02,6,2,angry,angry,1
development,b06p02,6,2,surprise,normal,0
development,b06p03,6,3,normal,surprise,0
development,b06p03,6,3,happy,happy,1
development,b06p03,6,3,sad,sad,1
development,b06p03,6,3,calm,normal,0
development,b06p03,6,3,angry,surprise,0
development,b06p03,6,3,surprise,normal,0
development,b06p04,6,4,normal,happy,0
development,b06p04,6,4,happy,happy,1
development,b06p04,6,4,sad,sad,1
development,b06p04,6,4,calm,calm,1
development,b06p04,6,4,angry,angry,1
development,b06p04,6,4,surprise,surprise,1
development,b06p05,6,5,normal,calm,0
development,b06p05,6,5,happy,happy,1
development,b06p05,6,5,sad,sad,1
development,b06p05,6,5,calm,calm,1
development,b06p05,6,5,angry,angry,1
development,b06p05,6,5,surprise,surprise,1
development,b06p06,6,6,normal,sad,0
development,b06p06,6,6,happy,happy,1
development,b06p06,6,6,sad,happy,0
development,b06p06,6,6,calm,normal,0
development,b06p06,6,6,angry,angry,1
development,b06p06,6,6,surprise,angry,0
development,b06p07,6,7,normal,sad,0
development,b06p07,6,7,happy,surprise,0
development,b06p07,6,7,sad,sad,1
development,b06p07,6,7,calm,calm,1
development,b06p07,6,7,angry,surprise,0
development,b06p07,6,7,surprise,surprise,1
development,b06p08,6,8,normal,calm,0
development,b06p08,6,8,happy,happy,1
development,b06p08,6,8,sad,surprise,0
development,b06p08,6,8,calm,calm,1
development,b06p08,6,8,angry,angry,1
development,b06p08,6,8,surprise,happy,0
development,b06p09,6,9,normal,surprise,0
development,b06p09,6,9,happy,sad,0
development,b06p09,6,9,sad,sad,1
development,b06p09,6,9,calm,normal,0
development,b06p09,6,9,angry,angry,1
development,b06p09,6,9,surprise,calm,0
development,b07p00,7,0,normal,calm,0
development,b07p00,7,0,happy,happy,1
development,b07p00,7,0,sad,sad,1
development,b07p00,7,0,calm,calm,1
development,b07p00,7,0,angry,calm,0
development,b07p00,7,0,surprise,sad,0
development,b07p01,7,1,normal,angry,0
development,b07p01,7,1,happy,normal,0
development,b07p01,7,1,sad,angry,0
development,b07p01,7,1,calm,calm,1
development,b07p01,7,1,angry,angry,1
development,b07p01,7,1,surprise,surprise,1
development,b07p02,7,2,normal,calm,0
development,b07p02,7,2,happy,happy,1
development,b07p02,7,2,sad,sad,1
development,b07p02,7,2,calm,calm,1
development,b07p02,7,2,angry,calm,0
development,b07p02,7,2,surprise,sad,0
development,b07p03,7,3,normal,calm,0
development,b07p03,7,3,happy,happy,1
development,b07p03,7,3,sad,sad,1
development,b07p03,7,3,calm,calm,1
development,b07p03,7,3,angry,angry,1
development,b07p03,7,3,surprise,surprise,1
development,b07p04,7,4,normal,calm,0
development,b07p04,7,4,happy,happy,1
development,b07p04,7,4,sad,sad,1
development,b07p04,7,4,calm,sad,0
development,b07p04,7,4,angry,surprise,0
development,b07p04,7,4,surprise,happy,0
development,b07p05,7,5,normal,normal,1
development,b07p05,7,5,happy,happy,1
development,b07p05,7,5,sad,sad,1
development,b07p05,7,5,calm,calm,1
development,b07p05,7,5,angry,surprise,0
development,b07p05,7,5,surprise,surprise,1
development,b07p06,7,6,normal,calm,0
development,b07p06,7,6,happy,happy,1
development,b07p06,7,6,sad,sad,1
development,b07p06,7,6,calm,sad,0
development,b07p06,7,6,angry,angry,1
development,b07p06,7,6,surprise,angry,0
development,b07p07,7,7,normal,normal,1
development,b07p07,7,7,happy,surprise,0
development,b07p07,7,7,sad,sad,1
development,b07p07,7,7,calm,sad,0
development,b07p07,7,7,angry,surprise,0
development,b07p07,7,7,surprise,calm,0
development,b07p08,7,8,normal,normal,1
development,b07p08,7,8,happy,happy,1
development,b07p08,7,8,sad,sad,1
development,b07p08,7,8,calm,sad,0
development,b07p08,7,8,angry,angry,1
development,b07p08,7,8,surprise,calm,0
development,b07p09,7,9,normal,happy,0
development,b07p09,7,9,happy,happy,1
development,b07p09,7,9,sad,sad,1
development,b07p09,7,9,calm,sad,0
development,b07p09,7,9,angry,surprise,0
development,b07p09,7,9,surprise,sad,0
development,b08p00,8,0,normal,sad,0
development,b08p00,8,0,happy,surprise,0
development,b08p00,8,0,sad,sad,1
development,b08p00,8,0,calm,happy,0
development,b08p00,8,0,angry,calm,0
development,b08p00,8,0,surprise,happy,0
development,b08p01,8,1,normal,normal,1
development,b08p01,8,1,happy,happy,1
development,b08p01,8,1,sad,calm,0
development,b08p01,8,1,calm,happy,0
development,b08p01,8,1,angry,angry,1
development,b08p01,8,1,surprise,surprise,1
development,b08p02,8,2,normal,happy,0
development,b08p02,8,2,happy,happy,1
development,b08p02,8,2,sad,sad,1
development,b08p02,8,2,calm,sad,0
development,b08p02,8,2,angry,angry,1
development,b08p02,8,2,surprise,surprise,1
development,b08p03,8,3,normal,surprise,0
development,b08p03,8,3,happy,surprise,0
development,b08p03,8,3,sad,sad,1
development,b08p03,8,3,calm,calm,1
development,b08p03,8,3,angry,normal,0
development,b08p03,8,3,surprise,calm,0
development,b08p04,8,4,normal,calm,0
development,b08p04,8,4,happy,surprise,0
development,b08p04,8,4,sad,angry,0
development,b08p04,8,4,calm,calm,1
development,b08p04,8,4,angry,angry,1
development,b08p04,8,4,surprise,surprise,1
development,b08p05,8,5,normal,normal,1
development,b08p05,8,5,happy,happy,1
development,b08p05,8,5,sad,calm,0
development,b08p05,8,5,calm,sad,0
development,b08p05,8,5,angry,sad,0
development,b08p05,8,5,surprise,sad,0
development,b08p06,8,6,normal,happy,0
development,b08p06,8,6,happy,angry,0
development,b08p06,8,6,sad,calm,0
development,b08p06,8,6,calm,calm,1
development,b08p06,8,6,angry,surprise,0
development,b08p06,8,6,surprise,calm,0
development,b08p07,8,7,normal,happy,0
development,b08p07,8,7,happy,happy,1
development,b08p07,8,7,sad,sad,1
development,b08p07,8,7,calm,calm,1
development,b08p07,8,7,angry,surprise,0
development,b08p07,8,7,surprise,calm,0
development,b08p08,8,8,normal,surprise,0
development,b08p08,8,8,happy,normal,0
development,b08p08,8,8,sad,sad,1
development,b08p08,8,8,calm,calm,1
development,b08p08,8,8,angry,angry,1
development,b08p08,8,8,surprise,surprise,1
development,b08p09,8,9,normal,sad,0
development,b08p09,8,9,happy,happy,1
development,b08p09,8,9,sad,sad,1
development,b08p09,8,9,calm,surprise,0
development,b08p09,8,9,angry,angry,1
development,b08p09,8,9,surprise,normal,0
development,b09p00,9,0,normal,normal,1
development,b09p00,9,0,happy,happy,1
development,b09p00,9,0,sad,calm,0
development,b09p00,9,0,calm,calm,1
development,b09p00,9,0,angry,calm,0
development,b09p00,9,0,surprise,normal,0
development,b09p01,9,1,normal,normal,1
development,b09p01,9,1,happy,happy,1
development,b09p01,9,1,sad,sad,1
development,b09p01,9,1,calm,calm,1
development,b09p01,9,1,angry,angry,1
development,b09p01,9,1,surprise,sad,0
development,b09p02,9,2,normal,happy,0
development,b09p02,9,2,happy,happy,1
development,b09p02,9,2,sad,calm,0
development,b09p02,9,2,calm,calm,1
development,b09p02,9,2,angry,angry,1
development,b09p02,9,2,surprise,normal,0
development,b09p03,9,3,normal,normal,1
development,b09p03,9,3,happy,happy,1
development,b09p03,9,3,sad,calm,0
development,b09p03,9,3,calm,calm,1
development,b09p03,9,3,angry,angry,1
development,b09p03,9,3,surprise,surprise,1
development,b09p04,9,4,normal,normal,1
development,b09p04,9,4,happy,happy,1
development,b09p04,9,4,sad,normal,0
development,b09p04,9,4,calm,happy,0
development,b09p04,9,4,angry,angry,1
development,b09p04,9,4,surprise,angry,0
development,b09p05,9,5,normal,normal,1
development,b09p05,9,5,happy,normal,0
development,b09p05,9,5,sad,sad,1
development,b09p05,9,5,calm,calm,1
development,b09p05,9,5,angry,angry,1
development,b09p05,9,5,surprise,angry,0
development,b09p06,9,6,normal,calm,0
development,b09p06,9,6,happy,surprise,0
development,b09p06,9,6,sad,calm,0
development,b09p06,9,6,calm,sad,0
development,b09p06,9,6,angry,sad,0
development,b09p06,9,6,surprise,normal,0
development,b09p07,9,7,normal,calm,0
development,b09p07,9,7,happy,happy,1
development,b09p07,9,7,sad,calm,0
development,b09p07,9,7,calm,calm,1
development,b09p07,9,7,angry,normal,0
development,b09p07,9,7,surprise,happy,0
development,b09p08,9,8,normal,calm,0
development,b09p08,9,8,happy,happy,1
development,b09p08,9,8,sad,sad,1
development,b09p08,9,8,calm,sad,0
development,b09p08,9,8,angry,angry,1
development,b09p08,9,8,surprise,surprise,1
development,b09p09,9,9,normal,calm,0
development,b09p09,9,9,happy,sad,0
development,b09p09,9,9,sad,normal,0
development,b09p09,9,9,calm,calm,1
development,b09p09,9,9,angry,angry,1
development,b09p09,9,9,surprise,normal,0
development,b10p00,10,0,normal,normal,1
development,b10p00,10,0,happy,normal,0
development,b10p00,10,0,sad,sad,1
development,b10p00,10,0,calm,sad,0
development,b10p00,10,0,angry,angry,1
development,b10p00,10,0,surprise,surprise,1
development,b10p01,10,1,normal,calm,0
development,b10p01,10,1,happy,happy,1
development,b10p01,10,1,sad,sad,1
development,b10p01,10,1,calm,calm,1
development,b10p01,10,1,angry,surprise,0
development,b10p01,10,1,surprise,angry,0
development,b10p02,10,2,normal,normal,1
development,b10p02,10,2,happy,calm,0
development,b10p02,10,2,sad,sad,1
development,b10p02,10,2,calm,happy,0
development,b10p02,10,2,angry,angry,1
development,b10p02,10,2,surprise,angry,0
development,b10p03,10,3,normal,normal,1
development,b10p03,10,3,happy,surprise,0
development,b10p03,10,3,sad,happy,0
development,b10p03,10,3,calm,calm,1
development,b10p03,10,3,angry,normal,0
development,b10p03,10,3,surprise,surprise,1
development,b10p04,10,4,normal,surprise,0
development,b10p04,10,4,happy,normal,0
development,b10p04,10,4,sad,sad,1
development,b10p04,10,4,calm,normal,0
development,b10p04,10,4,angry,angry,1
development,b10p04,10,4,surprise,happy,0
development,b10p05,10,5,normal,happy,0
development,b10p05,10,5,happy,surprise,0
development,b10p05,10,5,sad,sad,1
development,b10p05,10,5,calm,happy,0
development,b10p05,10,5,angry,angry,1
development,b10p05,10,5,surprise,sad,0
development,b10p06,10,6,normal,happy,0
development,b10p06,10,6,happy,happy,1
development,b10p06,10,6,sad,sad,1
development,b10p06,10,6,calm,calm,1
development,b10p06,10,6,angry,angry,1
development,b10p06,10,6,surprise,sad,0
development,b10p07,10,7,normal,happy,0
development,b10p07,10,7,happy,angry,0
development,b10p07,10,7,sad,sad,1
development,b10p07,10,7,calm,calm,1
development,b10p07,10,7,angry,angry,1
development,b10p07,10,7,surprise,angry,0
development,b10p08,10,8,normal,sad,0
development,b10p08,10,8,happy,happy,1
development,b10p08,10,8,sad,sad,1
development,b10p08,10,8,calm,sad,0
development,b10p08,10,8,angry,angry,1
development,b10p08,10,8,surprise,angry,0
development,b10p09,10,9,normal,happy,0
development,b10p09,10,9,happy,happy,1
development,b10p09,10,9,sad,sad,1
development,b10p09,10,9,calm,normal,0
development,b10p09,10,9,angry,angry,1
development,b10p09,10,9,surprise,normal,0
development,b11p00,11,0,normal,surprise,0
development,b11p00,11,0,happy,surprise,0
development,b11p00,11,0,sad,normal,0
development,b11p00,11,0,calm,surprise,0
development,b11p00,11,0,angry,angry,1
development,b11p00,11,0,surprise,surprise,1
development,b11p01,11,1,normal,normal,1
development,b11p01,11,1,happy,surprise,0
development,b11p01,11,1,sad,calm,0
development,b11p01,11,1,calm,calm,1
development,b11p01,11,1,angry,angry,1
development,b11p01,11,1,surprise,surprise,1
development,b11p02,11,2,normal,sad,0
development,b11p02,11,2,happy,happy,1
development,b11p02,11,2,sad,sad,1
development,b11p02,11,2,calm,happy,0
development,b11p02,11,2,angry,surprise,0
development,b11p02,11,2,surprise,calm,0
development,b11p03,11,3,normal,happy,0
development,b11p03,11,3,happy,happy,1
development,b11p03,11,3,sad,sad,1
development,b11p03,11,3,calm,normal,0
development,b11p03,11,3,angry,angry,1
development,b11p03,11,3,surprise,surprise,1
development,b11p04,11,4,normal,normal,1
development,b11p04,11,4,happy,surprise,0
development,b11p04,11,4,sad,sad,1
development,b11p04,11,4,calm,sad,0
development,b11p04,11,4,angry,angry,1
development,b11p04,11,4,surprise,surprise,1
development,b11p05,11,5,normal,sad,0
development,b11p05,11,5,happy,surprise,0
development,b11p05,11,5,sad,calm,0
development,b11p05,11,5,calm,calm,1
development,b11p05,11,5,angry,angry,1
development,b11p05,11,5,surprise,surprise,1
development,b11p06,11,6,normal,sad,0
development,b11p06,11,6,happy,surprise,0
development,b11p06,11,6,sad,sad,1
development,b11p06,11,6,calm,calm,1
development,b11p06,11,6,angry,angry,1
development,b11p06,11,6,surprise,surprise,1
development,b11p07,11,7,normal,happy,0
development,b11p07,11,7,happy,happy,1
development,b11p07,11,7,sad,happy,0
development,b11p07,11,7,calm,calm,1
development,b11p07,11,7,angry,angry,1
development,b11p07,11,7,surprise,surprise,1
development,b11p08,11,8,normal,normal,1
development,b11p08,11,8,happy,happy,1
development,b11p08,11,8,sad,sad,1
development,b11p08,11,8,calm,sad,0
development,b11p08,11,8,angry,normal,0
development,b11p08,11,8,surprise,surprise,1
development,b11p09,11,9,normal,normal,1
development,b11p09,11,9,happy,happy,1
development,b11p09,11,9,sad,sad,1
development,b11p09,11,9,calm,calm,1
development,b11p09,11,9,angry,angry,1
development,b11p09,11,9,surprise,surprise,1
development,b12p00,12,0,normal,surprise,0
development,b12p00,12,0,happy,calm,0
development,b12p00,12,0,sad,calm,0
development,b12p00,12,0,calm,calm,1
development,b12p00,12,0,angry,angry,1
development,b12p00,12,0,surprise,normal,0
development,b12p01,12,1,normal,normal,1
development,b12p01,12,1,happy,happy,1
development,b12p01,12,1,sad,sad,1
development,b12p01,12,1,calm,calm,1
development,b12p01,12,1,angry,angry,1
development,b12p01,12,1,surprise,angry,0
development,b12p02,12,2,normal,calm,0
development,b12p02,12,2,happy,happy,1
development,b12p02,12,2,sad,sad,1
development,b12p02,12,2,calm,calm,1
development,b12p02,12,2,angry,angry,1
development,b12p02,12,2,surprise,surprise,1
development,b12p03,12,3,normal,surprise,0
development,b12p03,12,3,happy,happy,1
development,b12p03,12,3,sad,sad,1
development,b12p03,12,3,calm,calm,1
development,b12p03,12,3,angry,normal,0
development,b12p03,12,3,surprise,sad,0
development,b12p04,12,4,normal,normal,1
development,b12p04,12,4,happy,happy,1
development,b12p04,12,4,sad,sad,1
development,b12p04,12,4,calm,calm,1
development,b12p04,12,4,angry,angry,1
development,b12p04,12,4,surprise,surprise,1
development,b12p05,12,5,normal,normal,1
development,b12p05,12,5,happy,normal,0
development,b12p05,12,5,sad,sad,1
development,b12p05,12,5,calm,sad,0
development,b12p05,12,5,angry,angry,1
development,b12p05,12,5,surprise,sad,0
development,b12p06,12,6,normal,normal,1
development,b12p06,12,6,happy,calm,0
development,b12p06,12,6,sad,sad,1
development,b12p06,12,6,calm,sad,0
development,b12p06,12,6,angry,angry,1
development,b12p06,12,6,surprise,angry,0
development,b12p07,12,7,normal,normal,1
development,b12p07,12,7,happy,normal,0
development,b12p07,12,7,sad,normal,0
development,b12p07,12,7,calm,calm,1
development,b12p07,12,7,angry,angry,1
development,b12p07,12,7,surprise,surprise,1
development,b12p08,12,8,normal,normal,1
development,b12p08,12,8,happy,normal,0
development,b12p08,12,8,sad,angry,0
development,b12p08,12,8,calm,calm,1
development,b12p08,12,8,angry,angry,1
development,b12p08,12,8,surprise,sad,0
development,b12p09,12,9,normal,sad,0
development,b12p09,12,9,happy,calm,0
development,b12p09,12,9,sad,sad,1
development,b12p09,12,9,calm,calm,1
development,b12p09,12,9,angry,angry,1
development,b12p09,12,9,surprise,surprise,1
development,b13p00,13,0,normal,normal,1
development,b13p00,13,0,happy,happy,1
development,b13p00,13,0,sad,sad,1
development,b13p00,13,0,calm,happy,0
development,b13p00,13,0,angry,angry,1
development,b13p00,13,0,surprise,happy,0
development,b13p01,13,1,normal,calm,0
development,b13p01,13,1,happy,happy,1
development,b13p01,13,1,sad,surprise,0
development,b13p01,13,1,calm,calm,1
development,b13p01,13,1,angry,angry,1
development,b13p01,13,1,surprise,angry,0
development,b13p02,13,2,normal,sad,0
development,b13p02,13,2,happy,happy,1
development,b13p02,13,2,sad,sad,1
development,b13p02,13,2,calm,surprise,0
development,b13p02,13,2,angry,angry,1
development,b13p02,13,2,surprise,normal,0
development,b13p03,13,3,normal,sad,0
development,b13p03,13,3,happy,happy,1
development,b13p03,13,3,sad,sad,1
development,b13p03,13,3,calm,calm,1
development,b13p03,13,3,angry,surprise,0
development,b13p03,13,3,surprise,surprise,1
development,b13p04,13,4,normal,happy,0
development,b13p04,13,4,happy,happy,1
development,b13p04,13,4,sad,sad,1
development,b13p04,13,4,calm,calm,1
development,b13p04,13,4,angry,angry,1
development,b13p04,13,4,surprise,normal,0
development,b13p05,13,5,normal,normal,1
development,b13p05,13,5,happy,normal,0
development,b13p05,13,5,sad,calm,0
development,b13p05,13,5,calm,angry,0
development,b13p05,13,5,angry,angry,1
development,b13p05,13,5,surprise,sad,0
development,b13p06,13,6,normal,sad,0
development,b13p06,13,6,happy,happy,1
development,b13p06,13,6,sad,sad,1
development,b13p06,13,6,calm,surprise,0
development,b13p06,13,6,angry,angry,1
development,b13p06,13,6,surprise,normal,0
development,b13p07,13,7,normal,happy,0
development,b13p07,13,7,happy,happy,1
development,b13p07,13,7,sad,sad,1
development,b13p07,13,7,calm,normal,0
development,b13p07,13,7,angry,sad,0
development,b13p07,13,7,surprise,surprise,1
development,b13p08,13,8,normal,calm,0
development,b13p08,13,8,happy,happy,1
development,b13p08,13,8,sad,surprise,0
development,b13p08,13,8,calm,surprise,0
development,b13p08,13,8,angry,surprise,0
development,b13p08,13,8,surprise,happy,0
development,b13p09,13,9,normal,happy,0
development,b13p09,13,9,happy,happy,1
development,b13p09,13,9,sad,sad,1
development,b13p09,13,9,calm,calm,1
development,b13p09,13,9,angry,angry,1
development,b13p09,13,9,surprise,surprise,1
development,b14p00,14,0,normal,surprise,0
development,b14p00,14,0,happy,happy,1
development,b14p00,14,0,sad,normal,0
development,b14p00,14,0,calm,angry,0
development,b14p00,14,0,angry,angry,1
development,b14p00,14,0,surprise,angry,0
development,b14p01,14,1,normal,happy,0
development,b14p01,14,1,happy,happy,1
development,b14p01,14,1,sad,calm,0
development,b14p01,14,1,calm,sad,0
development,b14p01,14,1,angry,angry,1
development,b14p01,14,1,surprise,sad,0
development,b14p02,14,2,normal,sad,0
development,b14p02,14,2,happy,angry,0
development,b14p02,14,2,sad,sad,1
development,b14p02,14,2,calm,sad,0
development,b14p02,14,2,angry,angry,1
development,b14p02,14,2,surprise,surprise,1
development,b14p03,14,3,normal,happy,0
development,b14p03,14,3,happy,happy,1
development,b14p03,14,3,sad,sad,1
development,b14p03,14,3,calm,calm,1
development,b14p03,14,3,angry,surprise,0
development,b14p03,14,3,surprise,surprise,1
development,b14p04,14,4,normal,normal,1
development,b14p04,14,4,happy,sad,0
development,b14p04,14,4,sad,calm,0
development,b14p04,14,4,calm,calm,1
development,b14p04,14,4,angry,angry,1
development,b14p04,14,4,surprise,angry,0
development,b14p05,14,5,normal,calm,0
development,b14p05,14,5,happy,calm,0
development,b14p05,14,5,sad,sad,1
development,b14p05,14,5,calm,normal,0
development,b14p05,14,5,angry,happy,0
development,b14p05,14,5,surprise,normal,0
development,b14p06,14,6,normal,calm,0
development,b14p06,14,6,happy,happy,1
development,b14p06,14,6,sad,sad,1
development,b14p06,14,6,calm,calm,1
development,b14p06,14,6,angry,surprise,0
development,b14p06,14,6,surprise,surprise,1
development,b14p07,14,7,normal,surprise,0
development,b14p07,14,7,happy,surprise,0
development,b14p07,14,7,sad,sad,1
development,b14p07,14,7,calm,calm,1
development,b14p07,14,7,angry,angry,1
development,b14p07,14,7,surprise,calm,0
development,b14p08,14,8,normal,normal,1
development,b14p08,14,8,happy,happy,1
development,b14p08,14,8,sad,sad,1
development,b14p08,14,8,calm,normal,0
development,b14p08,14,8,angry,angry,1
development,b14p08,14,8,surprise,happy,0
development,b14p09,14,9,normal,normal,1
development,b14p09,14,9,happy,calm,0
development,b14p09,14,9,sad,sad,1
development,b14p09,14,9,calm,normal,0
development,b14p09,14,9,angry,angry,1
development,b14p09,14,9,surprise,happy,0
development,b15p00,15,0,normal,calm,0
development,b15p00,15,0,happy,happy,1
development,b15p00,15,0,sad,sad,1
development,b15p00,15,0,calm,calm,1
development,b15p00,15,0,angry,surprise,0
development,b15p00,15,0,surprise,calm,0
development,b15p01,15,1,normal,normal,1
development,b15p01,15,1,happy,surprise,0
development,b15p01,15,1,sad,surprise,0
development,b15p01,15,1,calm,calm,1
development,b15p01,15,1,angry,angry,1
development,b15p01,15,1,surprise,surprise,1
development,b15p02,15,2,normal,happy,0
development,b15p02,15,2,happy,happy,1
development,b15p02,15,2,sad,sad,1
development,b15p02,15,2,calm,calm,1
development,b15p02,15,2,angry,angry,1
development,b15p02,15,2,surprise,normal,0
development,b15p03,15,3,normal,angry,0
development,b15p03,15,3,happy,happy,1
development,b15p03,15,3,sad,surprise,0
development,b15p03,15,3,calm,happy,0
development,b15p03,15,3,angry,angry,1
development,b15p03,15,3,surprise,surprise,1
development,b15p04,15,4,normal,sad,0
development,b15p04,15,4,happy,happy,1
development,b15p04,15,4,sad,happy,0
development,b15p04,15,4,calm,calm,1
development,b15p04,15,4,angry,angry,1
development,b15p04,15,4,surprise,normal,0
development,b15p05,15,5,normal,calm,0
development,b15p05,15,5,happy,normal,0
development,b15p05,15,5,sad,calm,0
development,b15p05,15,5,calm,calm,1
development,b15p05,15,5,angry,angry,1
development,b15p05,15,5,surprise,angry,0
development,b15p06,15,6,normal,calm,0
development,b15p06,15,6,happy,normal,0
development,b15p06,15,6,sad,sad,1
development,b15p06,15,6,calm,sad,0
development,b15p06,15,6,angry,angry,1
development,b15p06,15,6,surprise,surprise,1
development,b15p07,15,7,normal,surprise,0
development,b15p07,15,7,happy,normal,0
development,b15p07,15,7,sad,sad,1
development,b15p07,15,7,calm,surprise,0
development,b15p07,15,7,angry,angry,1
development,b15p07,15,7,surprise,angry,0
development,b15p08,15,8,normal,calm,0
development,b15p08,15,8,happy,happy,1
development,b15p08,15,8,sad,sad,1
development,b15p08,15,8,calm,calm,1
development,b15p08,15,8,angry,happy,0
development,b15p08,15,8,surprise,angry,0
development,b15p09,15,9,normal,sad,0
development,b15p09,15,9,happy,happy,1
development,b15p09,15,9,sad,calm,0
development,b15p09,15,9,calm,calm,1
development,b15p09,15,9,angry,angry,1
development,b15p09,15,9,surprise,angry,0
development,b16p00,16,0,normal,angry,0
development,b16p00,16,0,happy,happy,1
development,b16p00,16,0,sad,angry,0
development,b16p00,16,0,calm,happy,0
development,b16p00,16,0,angry,angry,1
development,b16p00,16,0,surprise,happy,0
development,b16p01,16,1,normal,normal,1
development,b16p01,16,1,happy,calm,0
development,b16p01,16,1,sad,calm,0
development,b16p01,16,1,calm,calm,1
development,b16p01,16,1,angry,calm,0
development,b16p01,16,1,surprise,angry,0
development,b16p02,16,2,normal,happy,0
development,b16p02,16,2,happy,normal,0
development,b16p02,16,2,sad,surprise,0
development,b16p02,16,2,calm,sad,0
development,b16p02,16,2,angry,angry,1
development,b16p02,16,2,surprise,surprise,1
development,b16p03,16,3,normal,happy,0
development,b16p03,16,3,happy,sad,0
development,b16p03,16,3,sad,sad,1
development,b16p03,16,3,calm,sad,0
development,b16p03,16,3,angry,sad,0
development,b16p03,16,3,surprise,surprise,1
development,b16p04,16,4,normal,sad,0
development,b16p04,16,4,happy,sad,0
development,b16p04,16,4,sad,sad,1
development,b16p04,16,4,calm,calm,1
development,b16p04,16,4,angry,angry,1
development,b16p04,16,4,surprise,surprise,1
development,b16p05,16,5,normal,happy,0
development,b16p05,16,5,happy,normal,0
development,b16p05,16,5,sad,sad,1
development,b16p05,16,5,calm,normal,0
development,b16p05,16,5,angry,angry,1
development,b16p05,16,5,surprise,surprise,1
development,b16p06,16,6,normal,calm,0
development,b16p06,16,6,happy,happy,1
development,b16p06,16,6,sad,sad,1
development,b16p06,16,6,calm,calm,1
development,b16p06,16,6,angry,angry,1
development,b16p06,16,6,surprise,happy,0
development,b16p07,16,7,normal,happy,0
development,b16p07,16,7,happy,angry,0
development,b16p07,16,7,sad,sad,1
development,b16p07,16,7,calm,calm,1
development,b16p07,16,7,angry,angry,1
development,b16p07,16,7,surprise,calm,0
development,b16p08,16,8,normal,sad,0
development,b16p08,16,8,happy,happy,1
development,b16p08,16,8,sad,calm,0
development,b16p08,16,8,calm,sad,0
development,b16p08,16,8,angry,surprise,0
development,b16p08,16,8,surprise,happy,0
development,b16p09,16,9,normal,normal,1
development,b16p09,16,9,happy,happy,1
development,b16p09,16,9,sad,happy,0
development,b16p09,16,9,calm,calm,1
development,b16p09,16,9,angry,angry,1
development,b16p09,16,9,surprise,happy,0
development,b17p00,17,0,normal,normal,1
development,b17p00,17,0,happy,surprise,0
development,b17p00,17,0,sad,sad,1
development,b17p00,17,0,calm,sad,0
development,b17p00,17,0,angry,angry,1
development,b17p00,17,0,surprise,surprise,1
development,b17p01,17,1,normal,happy,0
development,b17p01,17,1,happy,happy,1
development,b17p01,17,1,sad,sad,1
development,b17p01,17,1,calm,sad,0
development,b17p01,17,1,angry,calm,0
development,b17p01,17,1,surprise,surprise,1
development,b17p02,17,2,normal,angry,0
development,b17p02,17,2,happy,normal,0
development,b17p02,17,2,sad,sad,1
development,b17p02,17,2,calm,happy,0
development,b17p02,17,2,angry,normal,0
development,b17p02,17,2,surprise,calm,0
development,b17p03,17,3,normal,calm,0
development,b17p03,17,3,happy,calm,0
development,b17p03,17,3,sad,sad,1
development,b17p03,17,3,calm,sad,0
development,b17p03,17,3,angry,angry,1
development,b17p03,17,3,surprise,calm,0
development,b17p04,17,4,normal,happy,0
development,b17p04,17,4,happy,calm,0
development,b17p04,17,4,sad,sad,1
development,b17p04,17,4,calm,sad,0
development,b17p04,17,4,angry,sad,0
development,b17p04,17,4,surprise,normal,0
development,b17p05,17,5,normal,normal,1
development,b17p05,17,5,happy,happy,1
development,b17p05,17,5,sad,happy,0
development,b17p05,17,5,calm,sad,0
development,b17p05,17,5,angry,angry,1
development,b17p05,17,5,surprise,normal,0
development,b17p06,17,6,normal,surprise,0
development,b17p06,17,6,happy,happy,1
development,b17p06,17,6,sad,sad,1
development,b17p06,17,6,calm,sad,0
development,b17p06,17,6,angry,angry,1
development,b17p06,17,6,surprise,surprise,1
development,b17p07,17,7,normal,sad,0
development,b17p07,17,7,happy,calm,0
development,b17p07,17,7,sad,sad,1
development,b17p07,17,7,calm,sad,0
development,b17p07,17,7,angry,angry,1
development,b17p07,17,7,surprise,happy,0
development,b17p08,17,8,normal,happy,0
development,b17p08,17,8,happy,normal,0
development,b17p08,17,8,sad,sad,1
development,b17p08,17,8,calm,calm,1
development,b17p08,17,8,angry,surprise,0
development,b17p08,17,8,surprise,surprise,1
development,b17p09,17,9,normal,happy,0
development,b17p09,17,9,happy,normal,0
development,b17p09,17,9,sad,sad,1
development,b17p09,17,9,calm,calm,1
development,b17p09,17,9,angry,angry,1
development,b17p09,17,9,surprise,surprise,1
development,b18p00,18,0,normal,surprise,0
development,b18p00,18,0,happy,happy,1
development,b18p00,18,0,sad,calm,0
development,b18p00,18,0,calm,sad,0
development,b18p00,18,0,angry,sad,0
development,b18p00,18,0,surprise,angry,0
development,b18p01,18,1,normal,angry,0
development,b18p01,18,1,happy,happy,1
development,b18p01,18,1,sad,sad,1
development,b18p01,18,1,calm,happy,0
development,b18p01,18,1,angry,angry,1
development,b18p01,18,1,surprise,sad,0
development,b18p02,18,2,normal,happy,0
development,b18p02,18,2,happy,surprise,0
development,b18p02,18,2,sad,sad,1
development,b18p02,18,2,calm,calm,1
development,b18p02,18,2,angry,surprise,0
development,b18p02,18,2,surprise,happy,0
development,b18p03,18,3,normal,happy,0
development,b18p03,18,3,happy,happy,1
development,b18p03,18,3,sad,sad,1
development,b18p03,18,3,calm,sad,0
development,b18p03,18,3,angry,angry,1
development,b18p03,18,3,surprise,happy,0
development,b18p04,18,4,normal,normal,1
development,b18p04,18,4,happy,happy,1
development,b18p04,18,4,sad,calm,0
development,b18p04,18,4,calm,sad,0
development,b18p04,18,4,angry,angry,1
development,b18p04,18,4,surprise,angry,0
development,b18p05,18,5,normal,happy,0
development,b18p05,18,5,happy,happy,1
development,b18p05,18,5,sad,sad,1
development,b18p05,18,5,calm,calm,1
development,b18p05,18,5,angry,angry,1
development,b18p05,18,5,surprise,happy,0
development,b18p06,18,6,normal,surprise,0
development,b18p06,18,6,happy,calm,0
development,b18p06,18,6,sad,sad,1
development,b18p06,18,6,calm,calm,1
development,b18p06,18,6,angry,sad,0
development,b18p06,18,6,surprise,happy,0
development,b18p07,18,7,normal,calm,0
development,b18p07,18,7,happy,happy,1
development,b18p07,18,7,sad,sad,1
development,b18p07,18,7,calm,happy,0
development,b18p07,18,7,angry,angry,1
development,b18p07,18,7,surprise,surprise,1
development,b18p08,18,8,normal,normal,1
development,b18p08,18,8,happy,normal,0
development,b18p08,18,8,sad,sad,1
development,b18p08,18,8,calm,angry,0
development,b18p08,18,8,angry,angry,1
development,b18p08,18,8,surprise,normal,0
development,b18p09,18,9,normal,normal,1
development,b18p09,18,9,happy,calm,0
development,b18p09,18,9,sad,sad,1
development,b18p09,18,9,calm,calm,1
development,b18p09,18,9,angry,angry,1
development,b18p09,18,9,surprise,angry,0
development,b19p00,19,0,normal,happy,0
development,b19p00,19,0,happy,happy,1
development,b19p00,19,0,sad,sad,1
development,b19p00,19,0,calm,calm,1
development,b19p00,19,0,angry,angry,1
development,b19p00,19,0,surprise,surprise,1
development,b19p01,19,1,normal,normal,1
development,b19p01,19,1,happy,calm,0
development,b19p01,19,1,sad,sad,1
development,b19p01,19,1,calm,sad,0
development,b19p01,19,1,angry,angry,1
development,b19p01,19,1,surprise,surprise,1
development,b19p02,19,2,normal,happy,0
development,b19p02,19,2,happy,surprise,0
development,b19p02,19,2,sad,sad,1
development,b19p02,19,2,calm,normal,0
development,b19p02,19,2,angry,surprise,0
development,b19p02,19,2,surprise,normal,0
development,b19p03,19,3,normal,normal,1
development,b19p03,19,3,happy,calm,0
development,b19p03,19,3,sad,calm,0
development,b19p03,19,3,calm,normal,0
development,b19p03,19,3,angry,angry,1
development,b19p03,19,3,surprise,normal,0
development,b19p04,19,4,normal,calm,0
development,b19p04,19,4,happy,happy,1
development,b19p04,19,4,sad,sad,1
development,b19p04,19,4,calm,calm,1
development,b19p04,19,4,angry,normal,0
development,b19p04,19,4,surprise,happy,0
development,b19p05,19,5,normal,normal,1
development,b19p05,19,5,happy,happy,1
development,b19p05,19,5,sad,surprise,0
development,b19p05,19,5,calm,normal,0
development,b19p05,19,5,angry,angry,1
development,b19p05,19,5,surprise,angry,0
development,b19p06,19,6,normal,angry,0
development,b19p06,19,6,happy,surprise,0
development,b19p06,19,6,sad,calm,0
development,b19p06,19,6,calm,calm,1
development,b19p06,19,6,angry,angry,1
development,b19p06,19,6,surprise,surprise,1
development,b19p07,19,7,normal,normal,1
development,b19p07,19,7,happy,happy,1
development,b19p07,19,7,sad,happy,0
development,b19p07,19,7,calm,happy,0
development,b19p07,19,7,angry,angry,1
development,b19p07,19,7,surprise,angry,0
development,b19p08,19,8,normal,sad,0
development,b19p08,19,8,happy,calm,0
development,b19p08,19,8,sad,sad,1
development,b19p08,19,8,calm,sad,0
development,b19p08,19,8,angry,angry,1
development,b19p08,19,8,surprise,calm,0
development,b19p09,19,9,normal,normal,1
development,b19p09,19,9,happy,surprise,0
development,b19p09,19,9,sad,sad,1
development,b19p09,19,9,calm,normal,0
development,b19p09,19,9,angry,angry,1
development,b19p09,19,9,surprise,happy,0
development,b20p00,20,0,normal,happy,0
development,b20p00,20,0,happy,happy,1
development,b20p00,20,0,sad,calm,0
development,b20p00,20,0,calm,calm,1
development,b20p00,20,0,angry,angry,1
development,b20p00,20,0,surprise,angry,0
development,b20p01,20,1,normal,sad,0
development,b20p01,20,1,happy,calm,0
development,b20p01,20,1,sad,sad,1
development,b20p01,20,1,calm,sad,0
development,b20p01,20,1,angry,angry,1
development,b20p01,20,1,surprise,calm,0
development,b20p02,20,2,normal,calm,0
development,b20p02,20,2,happy,happy,1
development,b20p02,20,2,sad,sad,1
development,b20p02,20,2,calm,calm,1
development,b20p02,20,2,angry,surprise,0
development,b20p02,20,2,surprise,surprise,1
development,b20p03,20,3,normal,happy,0
development,b20p03,20,3,happy,happy,1
development,b20p03,20,3,sad,calm,0
development,b20p03,20,3,calm,sad,0
development,b20p03,20,3,angry,angry,1
development,b20p03,20,3,surprise,happy,0
development,b20p04,20,4,normal,happy,0
development,b20p04,20,4,happy,normal,0
development,b20p04,20,4,sad,happy,0
development,b20p04,20,4,calm,calm,1
development,b20p04,20,4,angry,angry,1
development,b20p04,20,4,surprise,normal,0
development,b20p05,20,5,normal,calm,0
development,b20p05,20,5,happy,happy,1
development,b20p05,20,5,sad,surprise,0
development,b20p05,20,5,calm,happy,0
development,b20p05,20,5,angry,surprise,0
development,b20p05,20,5,surprise,angry,0
development,b20p06,20,6,normal,normal,1
development,b20p06,20,6,happy,normal,0
development,b20p06,20,6,sad,sad,1
development,b20p06,20,6,calm,calm,1
development,b20p06,20,6,angry,surprise,0
development,b20p06,20,6,surprise,surprise,1
development,b20p07,20,7,normal,surprise,0
development,b20p07,20,7,happy,happy,1
development,b20p07,20,7,sad,sad,1
development,b20p07,20,7,calm,calm,1
development,b20p07,20,7,angry,angry,1
development,b20p07,20,7,surprise,happy,0
development,b20p08,20,8,normal,angry,0
development,b20p08,20,8,happy,happy,1
development,b20p08,20,8,sad,sad,1
development,b20p08,20,8,calm,surprise,0
development,b20p08,20,8,angry,angry,1
development,b20p08,20,8,surprise,angry,0
development,b20p09,20,9,normal,surprise,0
development,b20p09,20,9,happy,calm,0
development,b20p09,20,9,sad,calm,0
development,b20p09,20,9,calm,happy,0
development,b20p09,20,9,angry,angry,1
development,b20p09,20,9,surprise,happy,0
development,b21p00,21,0,normal,calm,0
development,b21p00,21,0,happy,happy,1
development,b21p00,21,0,sad,sad,1
development,b21p00,21,0,calm,calm,1
development,b21p00,21,0,angry,angry,1
development,b21p00,21,0,surprise,sad,0
development,b21p01,21,1,normal,calm,0
development,b21p01,21,1,happy,happy,1
development,b21p01,21,1,sad,sad,1
development,b21p01,21,1,calm,calm,1
development,b21p01,21,1,angry,angry,1
development,b21p01,21,1,surprise,normal,0
development,b21p02,21,2,normal,normal,1
development,b21p02,21,2,happy,happy,1
development,b21p02,21,2,sad,calm,0
development,b21p02,21,2,calm,calm,1
development,b21p02,21,2,angry,angry,1
development,b21p02,21,2,surprise,happy,0
development,b21p03,21,3,normal,sad,0
development,b21p03,21,3,happy,happy,1
development,b21p03,21,3,sad,sad,1
development,b21p03,21,3,calm,sad,0
development,b21p03,21,3,angry,angry,1
development,b21p03,21,3,surprise,angry,0
development,b21p04,21,4,normal,surprise,0
development,b21p04,21,4,happy,happy,1
development,b21p04,21,4,sad,sad,1
development,b21p04,21,4,calm,sad,0
development,b21p04,21,4,angry,angry,1
development,b21p04,21,4,surprise,happy,0
development,b21p05,21,5,normal,normal,1
development,b21p05,21,5,happy,happy,1
development,b21p05,21,5,sad,sad,1
development,b21p05,21,5,calm,sad,0
development,b21p05,21,5,angry,surprise,0
development,b21p05,21,5,surprise,normal,0
development,b21p06,21,6,normal,sad,0
development,b21p06,21,6,happy,happy,1
development,b21p06,21,6,sad,calm,0
development,b21p06,21,6,calm,calm,1
development,b21p06,21,6,angry,angry,1
development,b21p06,21,6,surprise,normal,0
development,b21p07,21,7,normal,surprise,0
development,b21p07,21,7,happy,happy,1
development,b21p07,21,7,sad,sad,1
development,b21p07,21,7,calm,happy,0
development,b21p07,21,7,angry,happy,0
development,b21p07,21,7,surprise,happy,0
development,b21p08,21,8,normal,calm,0
development,b21p08,21,8,happy,normal,0
development,b21p08,21,8,sad,surprise,0
development,b21p08,21,8,calm,normal,0
development,b21p08,21,8,angry,angry,1
development,b21p08,21,8,surprise,normal,0
development,b21p09,21,9,normal,surprise,0
development,b21p09,21,9,happy,angry,0
development,b21p09,21,9,sad,sad,1
development,b21p09,21,9,calm,sad,0
development,b21p09,21,9,angry,surprise,0
development,b21p09,21,9,surprise,surprise,1
development,b22p00,22,0,normal,calm,0
development,b22p00,22,0,happy,happy,1
development,b22p00,22,0,sad,calm,0
development,b22p00,22,0,calm,calm,1
development,b22p00,22,0,angry,angry,1
development,b22p00,22,0,surprise,happy,0
development,b22p01,22,1,normal,normal,1
development,b22p01,22,1,happy,happy,1
development,b22p01,22,1,sad,sad,1
development,b22p01,22,1,calm,calm,1
development,b22p01,22,1,angry,angry,1
development,b22p01,22,1,surprise,angry,0
development,b22p02,22,2,normal,sad,0
development,b22p02,22,2,happy,normal,0
development,b22p02,22,2,sad,sad,1
development,b22p02,22,2,calm,sad,0
development,b22p02,22,2,angry,angry,1
development,b22p02,22,2,surprise,happy,0
development,b22p03,22,3,normal,normal,1
development,b22p03,22,3,happy,calm,0
development,b22p03,22,3,sad,sad,1
development,b22p03,22,3,calm,calm,1
development,b22p03,22,3,angry,calm,0
development,b22p03,22,3,surprise,surprise,1
development,b22p04,22,4,normal,happy,0
development,b22p04,22,4,happy,sad,0
development,b22p04,22,4,sad,sad,1
development,b22p04,22,4,calm,calm,1
development,b22p04,22,4,angry,angry,1
development,b22p04,22,4,surprise,angry,0
development,b22p05,22,5,normal,happy,0
development,b22p05,22,5,happy,happy,1
development,b22p05,22,5,sad,calm,0
development,b22p05,22,5,calm,angry,0
development,b22p05,22,5,angry,angry,1
development,b22p05,22,5,surprise,surprise,1
development,b22p06,22,6,normal,normal,1
development,b22p06,22,6,happy,normal,0
development,b22p06,22,6,sad,happy,0
development,b22p06,22,6,calm,sad,0
development,b22p06,22,6,angry,angry,1
development,b22p06,22,6,surprise,surprise,1
development,b22p07,22,7,normal,surprise,0
development,b22p07,22,7,happy,happy,1
development,b22p07,22,7,sad,sad,1
development,b22p07,22,7,calm,sad,0
development,b22p07,22,7,angry,angry,1
development,b22p07,22,7,surprise,angry,0
development,b22p08,22,8,normal,happy,0
development,b22p08,22,8,happy,happy,1
development,b22p08,22,8,sad,happy,0
development,b22p08,22,8,calm,calm,1
development,b22p08,22,8,angry,angry,1
development,b22p08,22,8,surprise,normal,0
development,b22p09,22,9,normal,normal,1
development,b22p09,22,9,happy,happy,1
development,b22p09,22,9,sad,angry,0
development,b22p09,22,9,calm,sad,0
development,b22p09,22,9,angry,angry,1
development,b22p09,22,9,surprise,surprise,1
development,b23p00,23,0,normal,happy,0
development,b23p00,23,0,happy,normal,0
development,b23p00,23,0,sad,calm,0
development,b23p00,23,0,calm,sad,0
development,b23p00,23,0,angry,angry,1
development,b23p00,23,0,surprise,surprise,1
development,b23p01,23,1,normal,calm,0
development,b23p01,23,1,happy,happy,1
development,b23p01,23,1,sad,calm,0
development,b23p01,23,1,calm,calm,1
development,b23p01,23,1,angry,calm,0
development,b23p01,23,1,surprise,happy,0
development,b23p02,23,2,normal,normal,1
development,b23p02,23,2,happy,happy,1
development,b23p02,23,2,sad,sad,1
development,b23p02,23,2,calm,sad,0
development,b23p02,23,2,angry,angry,1
development,b23p02,23,2,surprise,calm,0
development,b23p03,23,3,normal,happy,0
development,b23p03,23,3,happy,calm,0
development,b23p03,23,3,sad,sad,1
development,b23p03,23,3,calm,calm,1
development,b23p03,23,3,angry,angry,1
development,b23p03,23,3,surprise,surprise,1
development,b23p04,23,4,normal,happy,0
development,b23p04,23,4,happy,sad,0
development,b23p04,23,4,sad,sad,1
development,b23p04,23,4,calm,calm,1
development,b23p04,23,4,angry,normal,0
development,b23p04,23,4,surprise,surprise,1
development,b23p05,23,5,normal,calm,0
development,b23p05,23,5,happy,calm,0
development,b23p05,23,5,sad,sad,1
development,b23p05,23,5,calm,calm,1
development,b23p05,23,5,angry,angry,1
development,b23p05,23,5,surprise,angry,0
development,b23p06,23,6,normal,calm,0
development,b23p06,23,6,happy,happy,1
development,b23p06,23,6,sad,sad,1
development,b23p06,23,6,calm,surprise,0
development,b23p06,23,6,angry,angry,1
development,b23p06,23,6,surprise,surprise,1
development,b23p07,23,7,normal,surprise,0
development,b23p07,23,7,happy,sad,0
development,b23p07,23,7,sad,normal,0
development,b23p07,23,7,calm,happy,0
development,b23p07,23,7,angry,angry,1
development,b23p07,23,7,surprise,surprise,1
development,b23p08,23,8,normal,sad,0
development,b23p08,23,8,happy,happy,1
development,b23p08,23,8,sad,angry,0
development,b23p08,23,8,calm,sad,0
development,b23p08,23,8,angry,angry,1
development,b23p08,23,8,surprise,surprise,1
development,b23p09,23,9,normal,normal,1
development,b23p09,23,9,happy,normal,0
development,b23p09,23,9,sad,sad,1
development,b23p09,23,9,calm,sad,0
development,b23p09,23,9,angry,angry,1
development,b23p09,23,9,surprise,surprise,1
development,b24p00,24,0,normal,happy,0
development,b24p00,24,0,happy,happy,1
development,b24p00,24,0,sad,calm,0
development,b24p00,24,0,calm,sad,0
development,b24p00,24,0,angry,angry,1
development,b24p00,24,0,surprise,calm,0
development,b24p01,24,1,normal,calm,0
development,b24p01,24,1,happy,sad,0
development,b24p01,24,1,sad,calm,0
development,b24p01,24,1,calm,calm,1
development,b24p01,24,1,angry,angry,1
development,b24p01,24,1,surprise,angry,0
development,b24p02,24,2,normal,happy,0
development,b24p02,24,2,happy,happy,1
development,b24p02,24,2,sad,happy,0
development,b24p02,24,2,calm,calm,1
development,b24p02,24,2,angry,surprise,0
development,b24p02,24,2,surprise,normal,0
development,b24p03,24,3,normal,sad,0
development,b24p03,24,3,happy,happy,1
development,b24p03,24,3,sad,sad,1
development,b24p03,24,3,calm,angry,0
development,b24p03,24,3,angry,angry,1
development,b24p03,24,3,surprise,normal,0
development,b24p04,24,4,normal,sad,0
development,b24p04,24,4,happy,surprise,0
development,b24p04,24,4,sad,sad,1
development,b24p04,24,4,calm,sad,0
development,b24p04,24,4,angry,angry,1
development,b24p04,24,4,surprise,surprise,1
development,b24p05,24,5,normal,happy,0
development,b24p05,24,5,happy,surprise,0
development,b24p05,24,5,sad,sad,1
development,b24p05,24,5,calm,normal,0
development,b24p05,24,5,angry,angry,1
development,b24p05,24,5,surprise,surprise,1
development,b24p06,24,6,normal,calm,0
development,b24p06,24,6,happy,happy,1
development,b24p06,24,6,sad,angry,0
development,b24p06,24,6,calm,calm,1
development,b24p06,24,6,angry,angry,1
development,b24p06,24,6,surprise,angry,0
development,b24p07,24,7,normal,happy,0
development,b24p07,24,7,happy,happy,1
development,b24p07,24,7,sad,sad,1
development,b24p07,24,7,calm,calm,1
development,b24p07,24,7,angry,angry,1
development,b24p07,24,7,surprise,calm,0
development,b24p08,24,8,normal,calm,0
development,b24p08,24,8,happy,surprise,0
development,b24p08,24,8,sad,sad,1
development,b24p08,24,8,calm,sad,0
development,b24p08,24,8,angry,angry,1
development,b24p08,24,8,surprise,calm,0
development,b24p09,24,9,normal,normal,1
development,b24p09,24,9,happy,normal,0
development,b24p09,24,9,sad,sad,1
development,b24p09,24,9,calm,surprise,0
development,b24p09,24,9,angry,happy,0
development,b24p09,24,9,surprise,calm,0
development,b25p00,25,0,normal,happy,0
development,b25p00,25,0,happy,happy,1
development,b25p00,25,0,sad,sad,1
development,b25p00,25,0,calm,happy,0
development,b25p00,25,0,angry,angry,1
development,b25p00,25,0,surprise,happy,0
development,b25p01,25,1,normal,happy,0
development,b25p01,25,1,happy,happy,1
development,b25p01,25,1,sad,happy,0
development,b25p01,25,1,calm,happy,0
development,b25p01,25,1,angry,happy,0
development,b25p01,25,1,surprise,happy,0
development,b25p02,25,2,normal,angry,0
development,b25p02,25,2,happy,happy,1
development,b25p02,25,2,sad,sad,1
development,b25p02,25,2,calm,calm,1
development,b25p02,25,2,angry,sad,0
development,b25p02,25,2,surprise,surprise,1
development,b25p03,25,3,normal,angry,0
development,b25p03,25,3,happy,normal,0
development,b25p03,25,3,sad,sad,1
development,b25p03,25,3,calm,normal,0
development,b25p03,25,3,angry,angry,1
development,b25p03,25,3,surprise,normal,0
development,b25p04,25,4,normal,happy,0
development,b25p04,25,4,happy,surprise,0
development,b25p04,25,4,sad,calm,0
development,b25p04,25,4,calm,calm,1
development,b25p04,25,4,angry,angry,1
development,b25p04,25,4,surprise,surprise,1
development,b25p05,25,5,normal,calm,0
development,b25p05,25,5,happy,happy,1
development,b25p05,25,5,sad,calm,0
development,b25p05,25,5,calm,calm,1
development,b25p05,25,5,angry,angry,1
development,b25p05,25,5,surprise,calm,0
development,b25p06,25,6,normal,angry,0
development,b25p06,25,6,happy,normal,0
development,b25p06,25,6,sad,sad,1
development,b25p06,25,6,calm,calm,1
development,b25p06,25,6,angry,angry,1
development,b25p06,25,6,surprise,angry,0
development,b25p07,25,7,normal,angry,0
development,b25p07,25,7,happy,happy,1
development,b25p07,25,7,sad,sad,1
development,b25p07,25,7,calm,sad,0
development,b25p07,25,7,angry,angry,1
development,b25p07,25,7,surprise,angry,0
development,b25p08,25,8,normal,angry,0
development,b25p08,25,8,happy,happy,1
development,b25p08,25,8,sad,happy,0
development,b25p08,25,8,calm,sad,0
development,b25p08,25,8,angry,angry,1
development,b25p08,25,8,surprise,happy,0
development,b25p09,25,9,normal,normal,1
development,b25p09,25,9,happy,happy,1
development,b25p09,25,9,sad,sad,1
development,b25p09,25,9,calm,happy,0
development,b25p09,25,9,angry,surprise,0
development,b25p09,25,9,surprise,happy,0
development,b26p00,26,0,normal,normal,1
development,b26p00,26,0,happy,happy,1
development,b26p00,26,0,sad,calm,0
development,b26p00,26,0,calm,calm,1
development,b26p00,26,0,angry,angry,1
development,b26p00,26,0,surprise,happy,0
development,b26p01,26,1,normal,normal,1
development,b26p01,26,1,happy,happy,1
development,b26p01,26,1,sad,sad,1
development,b26p01,26,1,calm,sad,0
development,b26p01,26,1,angry,angry,1
development,b26p01,26,1,surprise,calm,0
development,b26p02,26,2,normal,surprise,0
development,b26p02,26,2,happy,happy,1
development,b26p02,26,2,sad,sad,1
development,b26p02,26,2,calm,calm,1
development,b26p02,26,2,angry,angry,1
development,b26p02,26,2,surprise,happy,0
development,b26p03,26,3,normal,surprise,0
development,b26p03,26,3,happy,surprise,0
development,b26p03,26,3,sad,sad,1
development,b26p03,26,3,calm,sad,0
development,b26p03,26,3,angry,angry,1
development,b26p03,26,3,surprise,angry,0
development,b26p04,26,4,normal,happy,0
development,b26p04,26,4,happy,happy,1
development,b26p04,26,4,sad,sad,1
development,b26p04,26,4,calm,calm,1
development,b26p04,26,4,angry,angry,1
development,b26p04,26,4,surprise,happy,0
development,b26p05,26,5,normal,normal,1
development,b26p05,26,5,happy,happy,1
development,b26p05,26,5,sad,sad,1
development,b26p05,26,5,calm,sad,0
development,b26p05,26,5,angry,angry,1
development,b26p05,26,5,surprise,happy,0
development,b26p06,26,6,normal,angry,0
development,b26p06,26,6,happy,calm,0
development,b26p06,26,6,sad,surprise,0
development,b26p06,26,6,calm,surprise,0
development,b26p06,26,6,angry,surprise,0
development,b26p06,26,6,surprise,surprise,1
development,b26p07,26,7,normal,happy,0
development,b26p07,26,7,happy,happy,1
development,b26p07,26,7,sad,sad,1
development,b26p07,26,7,calm,calm,1
development,b26p07,26,7,angry,happy,0
development,b26p07,26,7,surprise,surprise,1
development,b26p08,26,8,normal,normal,1
development,b26p08,26,8,happy,happy,1
development,b26p08,26,8,sad,normal,0
development,b26p08,26,8,calm,calm,1
development,b26p08,26,8,angry,angry,1
development,b26p08,26,8,surprise,calm,0
development,b26p09,26,9,normal,normal,1
development,b26p09,26,9,happy,happy,1
development,b26p09,26,9,sad,surprise,0
development,b26p09,26,9,calm,calm,1
development,b26p09,26,9,angry,angry,1
development,b26p09,26,9,surprise,sad,0
development,b27p00,27,0,normal,normal,1
development,b27p00,27,0,happy,surprise,0
development,b27p00,27,0,sad,sad,1
development,b27p00,27,0,calm,normal,0
development,b27p00,27,0,angry,angry,1
development,b27p00,27,0,surprise,angry,0
development,b27p01,27,1,normal,normal,1
development,b27p01,27,1,happy,calm,0
development,b27p01,27,1,sad,surprise,0
development,b27p01,27,1,calm,calm,1
development,b27p01,27,1,angry,angry,1
development,b27p01,27,1,surprise,surprise,1
development,b27p02,27,2,normal,sad,0
development,b27p02,27,2,happy,happy,1
development,b27p02,27,2,sad,sad,1
development,b27p02,27,2,calm,calm,1
development,b27p02,27,2,angry,angry,1
development,b27p02,27,2,surprise,calm,0
development,b27p03,27,3,normal,normal,1
development,b27p03,27,3,happy,surprise,0
development,b27p03,27,3,sad,calm,0
development,b27p03,27,3,calm,calm,1
development,b27p03,27,3,angry,angry,1
development,b27p03,27,3,surprise,angry,0
development,b27p04,27,4,normal,calm,0
development,b27p04,27,4,happy,happy,1
development,b27p04,27,4,sad,sad,1
development,b27p04,27,4,calm,sad,0
development,b27p04,27,4,angry,angry,1
development,b27p04,27,4,surprise,surprise,1
development,b27p05,27,5,normal,normal,1
development,b27p05,27,5,happy,sad,0
development,b27p05,27,5,sad,sad,1
development,b27p05,27,5,calm,calm,1
development,b27p05,27,5,angry,angry,1
development,b27p05,27,5,surprise,happy,0
development,b27p06,27,6,normal,normal,1
development,b27p06,27,6,happy,happy,1
development,b27p06,27,6,sad,normal,0
development,b27p06,27,6,calm,calm,1
development,b27p06,27,6,angry,angry,1
development,b27p06,27,6,surprise,normal,0
development,b27p07,27,7,normal,angry,0
development,b27p07,27,7,happy,happy,1
development,b27p07,27,7,sad,calm,0
development,b27p07,27,7,calm,sad,0
development,b27p07,27,7,angry,angry,1
development,b27p07,27,7,surprise,angry,0
development,b27p08,27,8,normal,normal,1
development,b27p08,27,8,happy,surprise,0
development,b27p08,27,8,sad,calm,0
development,b27p08,27,8,calm,calm,1
development,b27p08,27,8,angry,angry,1
development,b27p08,27,8,surprise,surprise,1
development,b27p09,27,9,normal,happy,0
development,b27p09,27,9,happy,happy,1
development,b27p09,27,9,sad,sad,1
development,b27p09,27,9,calm,surprise,0
development,b27p09,27,9,angry,surprise,0
development,b27p09,27,9,surprise,surprise,1
development,b28p00,28,0,normal,happy,0
development,b28p00,28,0,happy,happy,1
development,b28p00,28,0,sad,surprise,0
development,b28p00,28,0,calm,calm,1
development,b28p00,28,0,angry,surprise,0
development,b28p00,28,0,surprise,happy,0
development,b28p01,28,1,normal,normal,1
development,b28p01,28,1,happy,surprise,0
development,b28p01,28,1,sad,calm,0
development,b28p01,28,1,calm,sad,0
development,b28p01,28,1,angry,angry,1
development,b28p01,28,1,surprise,surprise,1
development,b28p02,28,2,normal,normal,1
development,b28p02,28,2,happy,happy,1
development,b28p02,28,2,sad,sad,1
development,b28p02,28,2,calm,calm,1
development,b28p02,28,2,angry,surprise,0
development,b28p02,28,2,surprise,calm,0
development,b28p03,28,3,normal,normal,1
development,b28p03,28,3,happy,happy,1
development,b28p03,28,3,sad,sad,1
development,b28p03,28,3,calm,sad,0
development,b28p03,28,3,angry,angry,1
development,b28p03,28,3,surprise,angry,0
development,b28p04,28,4,normal,angry,0
development,b28p04,28,4,happy,happy,1
development,b28p04,28,4,sad,sad,1
development,b28p04,28,4,calm,calm,1
development,b28p04,28,4,angry,angry,1
development,b28p04,28,4,surprise,normal,0
development,b28p05,28,5,normal,angry,0
development,b28p05,28,5,happy,calm,0
development,b28p05,28,5,sad,sad,1
development,b28p05,28,5,calm,happy,0
development,b28p05,28,5,angry,angry,1
development,b28p05,28,5,surprise,calm,0
development,b28p06,28,6,normal,normal,1
development,b28p06,28,6,happy,calm,0
development,b28p06,28,6,sad,sad,1
development,b28p06,28,6,calm,calm,1
development,b28p06,28,6,angry,angry,1
development,b28p06,28,6,surprise,surprise,1
development,b28p07,28,7,normal,surprise,0
development,b28p07,28,7,happy,happy,1
development,b28p07,28,7,sad,sad,1
development,b28p07,28,7,calm,sad,0
development,b28p07,28,7,angry,angry,1
development,b28p07,28,7,surprise,surprise,1
development,b28p08,28,8,normal,normal,1
development,b28p08,28,8,happy,happy,1
development,b28p08,28,8,sad,surprise,0
development,b28p08,28,8,calm,normal,0
development,b28p08,28,8,angry,surprise,0
development,b28p08,28,8,surprise,angry,0
development,b28p09,28,9,normal,surprise,0
development,b28p09,28,9,happy,calm,0
development,b28p09,28,9,sad,calm,0
development,b28p09,28,9,calm,normal,0
development,b28p09,28,9,angry,surprise,0
development,b28p09,28,9,surprise,happy,0
development,b29p00,29,0,normal,happy,0
development,b29p00,29,0,happy,happy,1
development,b29p00,29,0,sad,calm,0
development,b29p00,29,0,calm,calm,1
development,b29p00,29,0,angry,sad,0
development,b29p00,29,0,surprise,happy,0
development,b29p01,29,1,normal,surprise,0
development,b29p01,29,1,happy,normal,0
development,b29p01,29,1,sad,calm,0
development,b29p01,29,1,calm,calm,1
development,b29p01,29,1,angry,surprise,0
development,b29p01,29,1,surprise,happy,0
development,b29p02,29,2,normal,happy,0
development,b29p02,29,2,happy,happy,1
development,b29p02,29,2,sad,sad,1
development,b29p02,29,2,calm,sad,0
development,b29p02,29,2,angry,angry,1
development,b29p02,29,2,surprise,happy,0
development,b29p03,29,3,normal,normal,1
development,b29p03,29,3,happy,happy,1
development,b29p03,29,3,sad,calm,0
development,b29p03,29,3,calm,calm,1
development,b29p03,29,3,angry,angry,1
development,b29p03,29,3,surprise,sad,0
development,b29p04,29,4,normal,surprise,0
development,b29p04,29,4,happy,happy,1
development,b29p04,29,4,sad,calm,0
development,b29p04,29,4,calm,calm,1
development,b29p04,29,4,angry,angry,1
development,b29p04,29,4,surprise,happy,0
development,b29p05,29,5,normal,happy,0
development,b29p05,29,5,happy,happy,1
development,b29p05,29,5,sad,sad,1
development,b29p05,29,5,calm,normal,0
development,b29p05,29,5,angry,angry,1
development,b29p05,29,5,surprise,surprise,1
development,b29p06,29,6,normal,sad,0
development,b29p06,29,6,happy,happy,1
development,b29p06,29,6,sad,calm,0
development,b29p06,29,6,calm,calm,1
development,b29p06,29,6,angry,angry,1
development,b29p06,29,6,surprise,happy,0
development,b29p07,29,7,normal,angry,0
development,b29p07,29,7,happy,happy,1
development,b29p07,29,7,sad,sad,1
development,b29p07,29,7,calm,sad,0
development,b29p07,29,7,angry,angry,1
development,b29p07,29,7,surprise,angry,0
development,b29p08,29,8,normal,surprise,0
development,b29p08,29,8,happy,happy,1
development,b29p08,29,8,sad,calm,0
development,b29p08,29,8,calm,sad,0
development,b29p08,29,8,angry,surprise,0
development,b29p08,29,8,surprise,happy,0
development,b29p09,29,9,normal,happy,0
development,b29p09,29,9,happy,happy,1
development,b29p09,29,9,sad,sad,1
development,b29p09,29,9,calm,sad,0
development,b29p09,29,9,angry,angry,1
development,b29p09,29,9,surprise,happy,0
external,b30p00,30,0,normal,normal,1
external,b30p00,30,0,happy,normal,0
external,b30p00,30,0,sad,sad,1
external,b30p00,30,0,calm,happy,0
external,b30p00,30,0,angry,angry,1
external,b30p00,30,0,surprise,surprise,1
external,b30p01,30,1,normal,angry,0
external,b30p01,30,1,happy,happy,1
external,b30p01,30,1,sad,surprise,0
external,b30p01,30,1,calm,normal,0
external,b30p01,30,1,angry,angry,1
external,b30p01,30,1,surprise,angry,0
external,b30p02,30,2,normal,happy,0
external,b30p02,30,2,happy,calm,0
external,b30p02,30,2,sad,sad,1
external,b30p02,30,2,calm,happy,0
external,b30p02,30,2,angry,angry,1
external,b30p02,30,2,surprise,surprise,1
external,b30p03,30,3,normal,calm,0
external,b30p03,30,3,happy,happy,1
external,b30p03,30,3,sad,happy,0
external,b30p03,30,3,calm,calm,1
external,b30p03,30,3,angry,angry,1
external,b30p03,30,3,surprise,angry,0
external,b30p04,30,4,normal,calm,0
external,b30p04,30,4,happy,calm,0
external,b30p04,30,4,sad,sad,1
external,b30p04,30,4,calm,happy,0
external,b30p04,30,4,angry,angry,1
external,b30p04,30,4,surprise,happy,0
external,b30p05,30,5,normal,normal,1
external,b30p05,30,5,happy,happy,1
external,b30p05,30,5,sad,sad,1
external,b30p05,30,5,calm,sad,0
external,b30p05,30,5,angry,normal,0
external,b30p05,30,5,surprise,surprise,1
external,b30p06,30,6,normal,angry,0
external,b30p06,30,6,happy,happy,1
external,b30p06,30,6,sad,sad,1
external,b30p06,30,6,calm,calm,1
external,b30p06,30,6,angry,angry,1
external,b30p06,30,6,surprise,happy,0
external,b30p07,30,7,normal,normal,1
external,b30p07,30,7,happy,normal,0
external,b30p07,30,7,sad,surprise,0
external,b30p07,30,7,calm,calm,1
external,b30p07,30,7,angry,angry,1
external,b30p07,30,7,surprise,sad,0
external,b30p08,30,8,normal,happy,0
external,b30p08,30,8,happy,happy,1
external,b30p08,30,8,sad,sad,1
external,b30p08,30,8,calm,normal,0
external,b30p08,30,8,angry,angry,1
external,b30p08,30,8,surprise,normal,0
external,b30p09,30,9,normal,happy,0
external,b30p09,30,9,happy,happy,1
external,b30p09,30,9,sad,calm,0
external,b30p09,30,9,calm,surprise,0
external,b30p09,30,9,angry,angry,1
external,b30p09,30,9,surprise,angry,0
external,b31p00,31,0,normal,normal,1
external,b31p00,31,0,happy,happy,1
external,b31p00,31,0,sad,sad,1
external,b31p00,31,0,calm,happy,0
external,b31p00,31,0,angry,angry,1
external,b31p00,31,0,surprise,surprise,1
external,b31p01,31,1,normal,calm,0
external,b31p01,31,1,happy,happy,1
external,b31p01,31,1,sad,surprise,0
external,b31p01,31,1,calm,calm,1
external,b31p01,31,1,angry,angry,1
external,b31p01,31,1,surprise,surprise,1
external,b31p02,31,2,normal,calm,0
external,b31p02,31,2,happy,happy,1
external,b31p02,31,2,sad,happy,0
external,b31p02,31,2,calm,sad,0
external,b31p02,31,2,angry,angry,1
external,b31p02,31,2,surprise,calm,0
external,b31p03,31,3,normal,sad,0
external,b31p03,31,3,happy,happy,1
external,b31p03,31,3,sad,surprise,0
external,b31p03,31,3,calm,calm,1
external,b31p03,31,3,angry,angry,1
external,b31p03,31,3,surprise,normal,0
external,b31p04,31,4,normal,angry,0
external,b31p04,31,4,happy,happy,1
external,b31p04,31,4,sad,angry,0
external,b31p04,31,4,calm,sad,0
external,b31p04,31,4,angry,surprise,0
external,b31p04,31,4,surprise,happy,0
external,b31p05,31,5,normal,sad,0
external,b31p05,31,5,happy,happy,1
external,b31p05,31,5,sad,sad,1
external,b31p05,31,5,calm,sad,0
external,b31p05,31,5,angry,angry,1
external,b31p05,31,5,surprise,surprise,1
external,b31p06,31,6,normal,surprise,0
external,b31p06,31,6,happy,happy,1
external,b31p06,31,6,sad,sad,1
external,b31p06,31,6,calm,sad,0
external,b31p06,31,6,angry,angry,1
external,b31p06,31,6,surprise,surprise,1
external,b31p07,31,7,normal,calm,0
external,b31p07,31,7,happy,happy,1
external,b31p07,31,7,sad,sad,1
external,b31p07,31,7,calm,calm,1
external,b31p07,31,7,angry,angry,1
external,b31p07,31,7,surprise,angry,0
external,b31p08,31,8,normal,surprise,0
external,b31p08,31,8,happy,happy,1
external,b31p08,31,8,sad,sad,1
external,b31p08,31,8,calm,sad,0
external,b31p08,31,8,angry,angry,1
external,b31p08,31,8,surprise,sad,0
external,b31p09,31,9,normal,surprise,0
external,b31p09,31,9,happy,happy,1
external,b31p09,31,9,sad,calm,0
external,b31p09,31,9,calm,surprise,0
external,b31p09,31,9,angry,angry,1
external,b31p09,31,9,surprise,happy,0
external,b32p00,32,0,normal,happy,0
external,b32p00,32,0,happy,happy,1
external,b32p00,32,0,sad,sad,1
external,b32p00,32,0,calm,happy,0
external,b32p00,32,0,angry,angry,1
external,b32p00,32,0,surprise,angry,0
external,b32p01,32,1,normal,sad,0
external,b32p01,32,1,happy,happy,1
external,b32p01,32,1,sad,normal,0
external,b32p01,32,1,calm,sad,0
external,b32p01,32,1,angry,angry,1
external,b32p01,32,1,surprise,angry,0
external,b32p02,32,2,normal,happy,0
external,b32p02,32,2,happy,happy,1
external,b32p02,32,2,sad,happy,0
external,b32p02,32,2,calm,happy,0
external,b32p02,32,2,angry,angry,1
external,b32p02,32,2,surprise,angry,0
external,b32p03,32,3,normal,normal,1
external,b32p03,32,3,happy,normal,0
external,b32p03,32,3,sad,sad,1
external,b32p03,32,3,calm,surprise,0
external,b32p03,32,3,angry,angry,1
external,b32p03,32,3,surprise,normal,0
external,b32p04,32,4,normal,normal,1
external,b32p04,32,4,happy,normal,0
external,b32p04,32,4,sad,calm,0
external,b32p04,32,4,calm,calm,1
external,b32p04,32,4,angry,angry,1
external,b32p04,32,4,surprise,angry,0
external,b32p05,32,5,normal,calm,0
external,b32p05,32,5,happy,normal,0
external,b32p05,32,5,sad,sad,1
external,b32p05,32,5,calm,calm,1
external,b32p05,32,5,angry,happy,0
external,b32p05,32,5,surprise,angry,0
external,b32p06,32,6,normal,sad,0
external,b32p06,32,6,happy,happy,1
external,b32p06,32,6,sad,sad,1
external,b32p06,32,6,calm,sad,0
external,b32p06,32,6,angry,angry,1
external,b32p06,32,6,surprise,surprise,1
external,b32p07,32,7,normal,normal,1
external,b32p07,32,7,happy,normal,0
external,b32p07,32,7,sad,sad,1
external,b32p07,32,7,calm,sad,0
external,b32p07,32,7,angry,angry,1
external,b32p07,32,7,surprise,surprise,1
external,b32p08,32,8,normal,normal,1
external,b32p08,32,8,happy,happy,1
external,b32p08,32,8,sad,sad,1
external,b32p08,32,8,calm,calm,1
external,b32p08,32,8,angry,angry,1
external,b32p08,32,8,surprise,normal,0
external,b32p09,32,9,normal,normal,1
external,b32p09,32,9,happy,happy,1
external,b32p09,32,9,sad,sad,1
external,b32p09,32,9,calm,sad,0
external,b32p09,32,9,angry,surprise,0
external,b32p09,32,9,surprise,happy,0
external,b33p00,33,0,normal,calm,0
external,b33p00,33,0,happy,happy,1
external,b33p00,33,0,sad,surprise,0
external,b33p00,33,0,calm,sad,0
external,b33p00,33,0,angry,angry,1
external,b33p00,33,0,surprise,surprise,1
external,b33p01,33,1,normal,surprise,0
external,b33p01,33,1,happy,happy,1
external,b33p01,33,1,sad,angry,0
external,b33p01,33,1,calm,sad,0
external,b33p01,33,1,angry,angry,1
external,b33p01,33,1,surprise,surprise,1
external,b33p02,33,2,normal,happy,0
external,b33p02,33,2,happy,happy,1
external,b33p02,33,2,sad,sad,1
external,b33p02,33,2,calm,normal,0
external,b33p02,33,2,angry,angry,1
external,b33p02,33,2,surprise,surprise,1
external,b33p03,33,3,normal,angry,0
external,b33p03,33,3,happy,surprise,0
external,b33p03,33,3,sad,sad,1
external,b33p03,33,3,calm,sad,0
external,b33p03,33,3,angry,angry,1
external,b33p03,33,3,surprise,surprise,1
external,b33p04,33,4,normal,normal,1
external,b33p04,33,4,happy,sad,0
external,b33p04,33,4,sad,happy,0
external,b33p04,33,4,calm,sad,0
external,b33p04,33,4,angry,angry,1
external,b33p04,33,4,surprise,surprise,1
external,b33p05,33,5,normal,normal,1
external,b33p05,33,5,happy,sad,0
external,b33p05,33,5,sad,normal,0
external,b33p05,33,5,calm,calm,1
external,b33p05,33,5,angry,angry,1
external,b33p05,33,5,surprise,calm,0
external,b33p06,33,6,normal,angry,0
external,b33p06,33,6,happy,normal,0
external,b33p06,33,6,sad,calm,0
external,b33p06,33,6,calm,calm,1
external,b33p06,33,6,angry,surprise,0
external,b33p06,33,6,surprise,surprise,1
external,b33p07,33,7,normal,surprise,0
external,b33p07,33,7,happy,surprise,0
external,b33p07,33,7,sad,sad,1
external,b33p07,33,7,calm,sad,0
external,b33p07,33,7,angry,angry,1
external,b33p07,33,7,surprise,angry,0
external,b33p08,33,8,normal,sad,0
external,b33p08,33,8,happy,happy,1
external,b33p08,33,8,sad,calm,0
external,b33p08,33,8,calm,sad,0
external,b33p08,33,8,angry,surprise,0
external,b33p08,33,8,surprise,happy,0
external,b33p09,33,9,normal,surprise,0
external,b33p09,33,9,happy,normal,0
external,b33p09,33,9,sad,sad,1
external,b33p09,33,9,calm,sad,0
external,b33p09,33,9,angry,angry,1
external,b33p09,33,9,surprise,surprise,1
external,b34p00,34,0,normal,calm,0
external,b34p00,34,0,happy,surprise,0
external,b34p00,34,0,sad,sad,1
external,b34p00,34,0,calm,calm,1
external,b34p00,34,0,angry,angry,1
external,b34p00,34,0,surprise,angry,0
external,b34p01,34,1,normal,normal,1
external,b34p01,34,1,happy,surprise,0
external,b34p01,34,1,sad,sad,1
external,b34p01,34,1,calm,calm,1
external,b34p01,34,1,angry,angry,1
external,b34p01,34,1,surprise,surprise,1
external,b34p02,34,2,normal,normal,1
external,b34p02,34,2,happy,happy,1
external,b34p02,34,2,sad,sad,1
external,b34p02,34,2,calm,calm,1
external,b34p02,34,2,angry,angry,1
external,b34p02,34,2,surprise,sad,0
external,b34p03,34,3,normal,calm,0
external,b34p03,34,3,happy,happy,1
external,b34p03,34,3,sad,sad,1
external,b34p03,34,3,calm,sad,0
external,b34p03,34,3,angry,angry,1
external,b34p03,34,3,surprise,surprise,1
external,b34p04,34,4,normal,surprise,0
external,b34p04,34,4,happy,happy,1
external,b34p04,34,4,sad,sad,1
external,b34p04,34,4,calm,calm,1
external,b34p04,34,4,angry,angry,1
external,b34p04,34,4,surprise,surprise,1
external,b34p05,34,5,normal,normal,1
external,b34p05,34,5,happy,happy,1
external,b34p05,34,5,sad,sad,1
external,b34p05,34,5,calm,calm,1
external,b34p05,34,5,angry,angry,1
external,b34p05,34,5,surprise,surprise,1
external,b34p06,34,6,normal,calm,0
external,b34p06,34,6,happy,normal,0
external,b34p06,34,6,sad,sad,1
external,b34p06,34,6,calm,surprise,0
external,b34p06,34,6,angry,angry,1
external,b34p06,34,6,surprise,angry,0
external,b34p07,34,7,normal,normal,1
external,b34p07,34,7,happy,happy,1
external,b34p07,34,7,sad,sad,1
external,b34p07,34,7,calm,sad,0
external,b34p07,34,7,angry,angry,1
external,b34p07,34,7,surprise,angry,0
external,b34p08,34,8,normal,sad,0
external,b34p08,34,8,happy,sad,0
external,b34p08,34,8,sad,sad,1
external,b34p08,34,8,calm,calm,1
external,b34p08,34,8,angry,angry,1
external,b34p08,34,8,surprise,happy,0
external,b34p09,34,9,normal,happy,0
external,b34p09,34,9,happy,happy,1
external,b34p09,34,9,sad,sad,1
external,b34p09,34,9,calm,calm,1
external,b34p09,34,9,angry,angry,1
external,b34p09,34,9,surprise,sad,0
external,b35p00,35,0,normal,normal,1
external,b35p00,35,0,happy,happy,1
external,b35p00,35,0,sad,calm,0
external,b35p00,35,0,calm,calm,1
external,b35p00,35,0,angry,angry,1
external,b35p00,35,0,surprise,happy,0
external,b35p01,35,1,normal,calm,0
external,b35p01,35,1,happy,happy,1
external,b35p01,35,1,sad,sad,1
external,b35p01,35,1,calm,calm,1
external,b35p01,35,1,angry,angry,1
external,b35p01,35,1,surprise,angry,0
external,b35p02,35,2,normal,calm,0
external,b35p02,35,2,happy,sad,0
external,b35p02,35,2,sad,sad,1
external,b35p02,35,2,calm,sad,0
external,b35p02,35,2,angry,surprise,0
external,b35p02,35,2,surprise,happy,0
external,b35p03,35,3,normal,happy,0
external,b35p03,35,3,happy,calm,0
external,b35p03,35,3,sad,surprise,0
external,b35p03,35,3,calm,calm,1
external,b35p03,35,3,angry,angry,1
external,b35p03,35,3,surprise,angry,0
external,b35p04,35,4,normal,surprise,0
external,b35p04,35,4,happy,surprise,0
external,b35p04,35,4,sad,sad,1
external,b35p04,35,4,calm,normal,0
external,b35p04,35,4,angry,angry,1
external,b35p04,35,4,surprise,sad,0
external,b35p05,35,5,normal,happy,0
external,b35p05,35,5,happy,surprise,0
external,b35p05,35,5,sad,sad,1
external,b35p05,35,5,calm,normal,0
external,b35p05,35,5,angry,angry,1
external,b35p05,35,5,surprise,angry,0
external,b35p06,35,6,normal,normal,1
external,b35p06,35,6,happy,happy,1
external,b35p06,35,6,sad,sad,1
external,b35p06,35,6,calm,sad,0
external,b35p06,35,6,angry,surprise,0
external,b35p06,35,6,surprise,surprise,1
external,b35p07,35,7,normal,angry,0
external,b35p07,35,7,happy,happy,1
external,b35p07,35,7,sad,sad,1
external,b35p07,35,7,calm,surprise,0
external,b35p07,35,7,angry,angry,1
external,b35p07,35,7,surprise,surprise,1
external,b35p08,35,8,normal,calm,0
external,b35p08,35,8,happy,surprise,0
external,b35p08,35,8,sad,sad,1
external,b35p08,35,8,calm,calm,1
external,b35p08,35,8,angry,surprise,0
external,b35p08,35,8,surprise,angry,0
external,b35p09,35,9,normal,happy,0
external,b35p09,35,9,happy,normal,0
external,b35p09,35,9,sad,calm,0
external,b35p09,35,9,calm,happy,0
external,b35p09,35,9,angry,angry,1
external,b35p09,35,9,surprise,normal,0
external,b36p00,36,0,normal,normal,1
external,b36p00,36,0,happy,happy,1
external,b36p00,36,0,sad,angry,0
external,b36p00,36,0,calm,angry,0
external,b36p00,36,0,angry,surprise,0
external,b36p00,36,0,surprise,surprise,1
external,b36p01,36,1,normal,sad,0
external,b36p01,36,1,happy,happy,1
external,b36p01,36,1,sad,calm,0
external,b36p01,36,1,calm,surprise,0
external,b36p01,36,1,angry,surprise,0
external,b36p01,36,1,surprise,angry,0
external,b36p02,36,2,normal,normal,1
external,b36p02,36,2,happy,happy,1
external,b36p02,36,2,sad,sad,1
external,b36p02,36,2,calm,surprise,0
external,b36p02,36,2,angry,surprise,0
external,b36p02,36,2,surprise,surprise,1
external,b36p03,36,3,normal,surprise,0
external,b36p03,36,3,happy,surprise,0
external,b36p03,36,3,sad,sad,1
external,b36p03,36,3,calm,sad,0
external,b36p03,36,3,angry,angry,1
external,b36p03,36,3,surprise,surprise,1
external,b36p04,36,4,normal,happy,0
external,b36p04,36,4,happy,happy,1
external,b36p04,36,4,sad,happy,0
external,b36p04,36,4,calm,happy,0
external,b36p04,36,4,angry,happy,0
external,b36p04,36,4,surprise,happy,0
external,b36p05,36,5,normal,calm,0
external,b36p05,36,5,happy,surprise,0
external,b36p05,36,5,sad,sad,1
external,b36p05,36,5,calm,normal,0
external,b36p05,36,5,angry,calm,0
external,b36p05,36,5,surprise,surprise,1
external,b36p06,36,6,normal,normal,1
external,b36p06,36,6,happy,happy,1
external,b36p06,36,6,sad,calm,0
external,b36p06,36,6,calm,calm,1
external,b36p06,36,6,angry,angry,1
external,b36p06,36,6,surprise,happy,0
external,b36p07,36,7,normal,sad,0
external,b36p07,36,7,happy,happy,1
external,b36p07,36,7,sad,sad,1
external,b36p07,36,7,calm,sad,0
external,b36p07,36,7,angry,angry,1
external,b36p07,36,7,surprise,sad,0
external,b36p08,36,8,normal,angry,0
external,b36p08,36,8,happy,sad,0
external,b36p08,36,8,sad,sad,1
external,b36p08,36,8,calm,calm,1
external,b36p08,36,8,angry,angry,1
external,b36p08,36,8,surprise,angry,0
external,b36p09,36,9,normal,happy,0
external,b36p09,36,9,happy,happy,1
external,b36p09,36,9,sad,happy,0
external,b36p09,36,9,calm,calm,1
external,b36p09,36,9,angry,angry,1
external,b36p09,36,9,surprise,angry,0
external,b37p00,37,0,normal,normal,1
external,b37p00,37,0,happy,happy,1
external,b37p00,37,0,sad,surprise,0
external,b37p00,37,0,calm,calm,1
external,b37p00,37,0,angry,angry,1
external,b37p00,37,0,surprise,angry,0
external,b37p01,37,1,normal,surprise,0
external,b37p01,37,1,happy,happy,1
external,b37p01,37,1,sad,sad,1
external,b37p01,37,1,calm,calm,1
external,b37p01,37,1,angry,normal,0
external,b37p01,37,1,surprise,normal,0
external,b37p02,37,2,normal,surprise,0
external,b37p02,37,2,happy,happy,1
external,b37p02,37,2,sad,sad,1
external,b37p02,37,2,calm,sad,0
external,b37p02,37,2,angry,angry,1
external,b37p02,37,2,surprise,surprise,1
external,b37p03,37,3,normal,sad,0
external,b37p03,37,3,happy,surprise,0
external,b37p03,37,3,sad,sad,1
external,b37p03,37,3,calm,happy,0
external,b37p03,37,3,angry,surprise,0
external,b37p03,37,3,surprise,happy,0
external,b37p04,37,4,normal,happy,0
external,b37p04,37,4,happy,surprise,0
external,b37p04,37,4,sad,happy,0
external,b37p04,37,4,calm,calm,1
external,b37p04,37,4,angry,angry,1
external,b37p04,37,4,surprise,happy,0
external,b37p05,37,5,normal,calm,0
external,b37p05,37,5,happy,happy,1
external,b37p05,37,5,sad,sad,1
external,b37p05,37,5,calm,calm,1
external,b37p05,37,5,angry,angry,1
external,b37p05,37,5,surprise,angry,0
external,b37p06,37,6,normal,surprise,0
external,b37p06,37,6,happy,happy,1
external,b37p06,37,6,sad,sad,1
external,b37p06,37,6,calm,calm,1
external,b37p06,37,6,angry,surprise,0
external,b37p06,37,6,surprise,happy,0
external,b37p07,37,7,normal,normal,1
external,b37p07,37,7,happy,calm,0
external,b37p07,37,7,sad,sad,1
external,b37p07,37,7,calm,happy,0
external,b37p07,37,7,angry,angry,1
external,b37p07,37,7,surprise,normal,0
external,b37p08,37,8,normal,calm,0
external,b37p08,37,8,happy,happy,1
external,b37p08,37,8,sad,calm,0
external,b37p08,37,8,calm,calm,1
external,b37p08,37,8,angry,angry,1
external,b37p08,37,8,surprise,angry,0
external,b37p09,37,9,normal,surprise,0
external,b37p09,37,9,happy,happy,1
external,b37p09,37,9,sad,sad,1
external,b37p09,37,9,calm,sad,0
external,b37p09,37,9,angry,angry,1
external,b37p09,37,9,surprise,surprise,1
external,b38p00,38,0,normal,normal,1
external,b38p00,38,0,happy,happy,1
external,b38p00,38,0,sad,sad,1
external,b38p00,38,0,calm,calm,1
external,b38p00,38,0,angry,angry,1
external,b38p00,38,0,surprise,happy,0
external,b38p01,38,1,normal,happy,0
external,b38p01,38,1,happy,happy,1
external,b38p01,38,1,sad,sad,1
external,b38p01,38,1,calm,sad,0
external,b38p01,38,1,angry,angry,1
external,b38p01,38,1,surprise,surprise,1
external,b38p02,38,2,normal,normal,1
external,b38p02,38,2,happy,happy,1
external,b38p02,38,2,sad,sad,1
external,b38p02,38,2,calm,calm,1
external,b38p02,38,2,angry,calm,0
external,b38p02,38,2,surprise,angry,0
external,b38p03,38,3,normal,normal,1
external,b38p03,38,3,happy,happy,1
external,b38p03,38,3,sad,sad,1
external,b38p03,38,3,calm,happy,0
external,b38p03,38,3,angry,angry,1
external,b38p03,38,3,surprise,angry,0
external,b38p04,38,4,normal,surprise,0
external,b38p04,38,4,happy,happy,1
external,b38p04,38,4,sad,sad,1
external,b38p04,38,4,calm,calm,1
external,b38p04,38,4,angry,angry,1
external,b38p04,38,4,surprise,normal,0
external,b38p05,38,5,normal,normal,1
external,b38p05,38,5,happy,happy,1
external,b38p05,38,5,sad,calm,0
external,b38p05,38,5,calm,calm,1
external,b38p05,38,5,angry,surprise,0
external,b38p05,38,5,surprise,normal,0
external,b38p06,38,6,normal,normal,1
external,b38p06,38,6,happy,happy,1
external,b38p06,38,6,sad,normal,0
external,b38p06,38,6,calm,calm,1
external,b38p06,38,6,angry,angry,1
external,b38p06,38,6,surprise,surprise,1
external,b38p07,38,7,normal,calm,0
external,b38p07,38,7,happy,happy,1
external,b38p07,38,7,sad,sad,1
external,b38p07,38,7,calm,sad,0
external,b38p07,38,7,angry,angry,1
external,b38p07,38,7,surprise,angry,0
external,b38p08,38,8,normal,surprise,0
external,b38p08,38,8,happy,angry,0
external,b38p08,38,8,sad,sad,1
external,b38p08,38,8,calm,calm,1
external,b38p08,38,8,angry,angry,1
external,b38p08,38,8,surprise,angry,0
external,b38p09,38,9,normal,sad,0
external,b38p09,38,9,happy,happy,1
external,b38p09,38,9,sad,angry,0
external,b38p09,38,9,calm,angry,0
external,b38p09,38,9,angry,angry,1
external,b38p09,38,9,surprise,surprise,1
external,b39p00,39,0,normal,surprise,0
external,b39p00,39,0,happy,surprise,0
external,b39p00,39,0,sad,surprise,0
external,b39p00,39,0,calm,normal,0
external,b39p00,39,0,angry,angry,1
external,b39p00,39,0,surprise,surprise,1
external,b39p01,39,1,normal,sad,0
external,b39p01,39,1,happy,happy,1
external,b39p01,39,1,sad,sad,1
external,b39p01,39,1,calm,happy,0
external,b39p01,39,1,angry,surprise,0
external,b39p01,39,1,surprise,surprise,1
external,b39p02,39,2,normal,sad,0
external,b39p02,39,2,happy,surprise,0
external,b39p02,39,2,sad,sad,1
external,b39p02,39,2,calm,normal,0
external,b39p02,39,2,angry,angry,1
external,b39p02,39,2,surprise,calm,0
external,b39p03,39,3,normal,surprise,0
external,b39p03,39,3,happy,calm,0
external,b39p03,39,3,sad,calm,0
external,b39p03,39,3,calm,normal,0
external,b39p03,39,3,angry,angry,1
external,b39p03,39,3,surprise,surprise,1
external,b39p04,39,4,normal,surprise,0
external,b39p04,39,4,happy,happy,1
external,b39p04,39,4,sad,sad,1
external,b39p04,39,4,calm,happy,0
external,b39p04,39,4,angry,calm,0
external,b39p04,39,4,surprise,surprise,1
external,b39p05,39,5,normal,calm,0
external,b39p05,39,5,happy,normal,0
external,b39p05,39,5,sad,calm,0
external,b39p05,39,5,calm,calm,1
external,b39p05,39,5,angry,angry,1
external,b39p05,39,5,surprise,sad,0
external,b39p06,39,6,normal,sad,0
external,b39p06,39,6,happy,normal,0
external,b39p06,39,6,sad,sad,1
external,b39p06,39,6,calm,sad,0
external,b39p06,39,6,angry,angry,1
external,b39p06,39,6,surprise,surprise,1
external,b39p07,39,7,normal,calm,0
external,b39p07,39,7,happy,calm,0
external,b39p07,39,7,sad,sad,1
external,b39p07,39,7,calm,sad,0
external,b39p07,39,7,angry,surprise,0
external,b39p07,39,7,surprise,surprise,1
external,b39p08,39,8,normal,angry,0
external,b39p08,39,8,happy,happy,1
external,b39p08,39,8,sad,sad,1
external,b39p08,39,8,calm,calm,1
external,b39p08,39,8,angry,surprise,0
external,b39p08,39,8,surprise,surprise,1
external,b39p09,39,9,normal,normal,1
external,b39p09,39,9,happy,surprise,0
external,b39p09,39,9,sad,calm,0
external,b39p09,39,9,calm,calm,1
external,b39p09,39,9,angry,angry,1
external,b39p09,39,9,surprise,surprise,1
